TimeStamp,SafeGasPrice,ProposedGasPrice,FastGasPrice,BaseFee,SafeGasPriceUSD,ProposedGasPriceUSD,FastGasPriceUSD,BaseFeeUSD,ETH_USD
1740538345,0.000000000796320685,0.0000000007989409,0.000000000834674603,0.000000000796320685,0.0000019835864609641704,0.000001990113257387668,0.0000020791237412367904,0.0000019835864609641704,2490.93926395265
1740538357,0.000000000775132497,0.000000000789445053,0.000000000813486415,0.000000000775132497,0.0000019308079715429596,0.0000019664596792508807,0.00000202634525181558,0.0000019308079715429596,2490.93926395265
1740538369,0.000000000746700803,0.000000000761013359,0.000000000837114694,0.000000000746700803,0.0000018599863486176727,0.0000018956380563255936,0.000002085201859716308,0.0000018599863486176727,2490.93926395265
1740538381,0.000000000746700803,0.000000000761013359,0.000000000837114694,0.000000000746700803,0.0000018617149930924134,0.0000018973998349830612,0.0000020871398162374385,0.0000018617149930924134,2493.25430696291
1740538393,0.000000000755596396,0.000000000769908952,0.000000000877550532,0.000000000755596396,0.0000018838939686526524,0.0000019195788105433007,0.000002187956643486593,0.0000018838939686526524,2493.25430696291
1740538405,0.00000000075650202,0.000000000804169523,0.000000000908139798,0.00000000075650202,0.0000018844280730357975,0.000002003166659913223,0.0000022621540780449713,0.0000018844280730357975,2490.97559982166
1740538417,0.000000000756023071,0.000000000780007163,0.000000001084280868,0.000000000756023071,0.0000018832350227632385,0.0000019429788107191164,0.0000027009171855414504,0.0000018832350227632385,2490.97559982166
1740538430,0.000000000754873721,0.000000000778857813,0.000000001083131518,0.000000000754873721,0.000001882092156096368,0.000001941890596773963,0.000002700522322260775,0.000001882092156096368,2493.25430696291
1740538441,0.00000000071965207,0.000000000743636162,0.000000001047909867,0.00000000071965207,0.00000179252664380976,0.00000185226679565506,0.0000026101590410330398,0.00000179252664380976,2490.82399472534
1740538453,0.000000000682295619,0.000000000706279711,0.000000000776907682,0.000000000682295619,0.0000016995817387942158,0.0000017593255267500937,0.0000019352580791760054,0.0000016995817387942158,2490.97559982166
1740538465,0.000000000732031237,0.000000000745447411,0.000000000819992152,0.000000000732031236,0.0000018246956937500763,0.0000018581374837817792,0.0000020439512319106926,0.0000018246956912574288,2492.64731000827
1740538477,0.000000000740237208,0.000000000740360208,0.000000000753653383,0.000000000740237208,0.0000018438005994748924,0.0000018441069708262437,0.0000018772179300823266,0.0000018438005994748924,2490.82399472534
1740538489,0.000000000783410406,0.000000000783533406,0.000000000796826581,0.000000000783410406,0.0000019527658411483864,0.0000019530724367675177,0.000001986207633672737,0.0000019527658411483864,2492.64731000827
1740538501,0.000000000781465934,0.000000000781588934,0.000000000794882109,0.000000000781465934,0.0000019479189582482,0.000001948225553867331,0.0000019813607507725503,0.0000019479189582482,2492.64731000827
1740538513,0.000000000763073788,0.000000000763196788,0.000000000776489963,0.000000000763073788,0.0000019020738249960206,0.0000019023804206151519,0.000001935515617520371,0.0000019020738249960206,2492.64731000827
1740538525,0.000000000754510385,0.000000000754633385,0.000000000854510385,0.000000000754510385,0.000001881270633874749,0.0000018815773179079538,0.0000021306072462362542,0.000001881270633874749,2493.36612361505
1740538537,0.000000000736520317,0.000000000765248416,0.000000000949733063,0.000000000736520317,0.0000018373634372886032,0.0000019090301075855034,0.000002369255490803132,0.0000018373634372886032,2494.65411188189
1740538549,0.000000000789663653,0.000000000791691337,0.000000000889663653,0.000000000789663653,0.00000196892060144031,0.0000019739763600353063,0.000002218257213801815,0.00000196892060144031,2493.36612361505
1740538562,0.000000000767588023,0.000000000769615707,0.000000000867588023,0.000000000767588023,0.00000191387797344085,0.000001918933732035846,0.000002163214585802355,0.00000191387797344085,2493.36612361505
1740538573,0.000000000705373129,0.000000000707400813,0.000000000778140894,0.000000000705373129,0.0000017587534643569485,0.000001763809222951945,0.0000019401901444991297,0.0000017587534643569485,2493.36612361505
1740538586,0.000000000699571031,0.000000000701598715,0.000000000771758586,0.000000000699571031,0.0000017447660536717695,0.000001749823201629592,0.0000019248055205455255,0.0000017447660536717695,2494.05132053241
1740538596,0.000000000786944925,0.000000000788972609,0.000000000837373894,0.000000000786944925,0.000001967134803057018,0.0000019722034268441296,0.000002093192646307209,0.000001967134803057018,2499.71089534254
1740538609,0.000000000799886309,0.000000000816675173,0.000000000850315278,0.000000000799886309,0.0000019994845216426297,0.0000020414518279038537,0.0000021255423648928208,0.0000019994845216426297,2499.71089534254
1740538620,0.000000000832108963,0.000000000838192015,0.000000000882537932,0.000000000832108963,0.0000020800318409232823,0.0000020952377122846178,0.000002206089684173474,0.0000020800318409232823,2499.71089534254
1740538633,0.000000000783953657,0.000000000790036709,0.000000000834382626,0.000000000783953657,0.000001958606154217696,0.0000019738038677269603,0.0000020845963682467037,0.000001958606154217696,2498.3698165435
1740538645,0.000000000755983408,0.000000000756106408,0.000000000806412377,0.000000000755983408,0.00000188674205847777,0.0000018870490351531004,0.0000020125999222497904,0.00000188674205847777,2495.74532788922
1740538657,0.000000000780615841,0.000000000780738841,0.000000000838362184,0.000000000780615841,0.0000019482183380520642,0.0000019485253147273944,0.0000020923385037970024,0.0000019482183380520642,2495.74532788922
1740538668,0.000000000750033015,0.000000000750156015,0.000000000807779358,0.000000000750033015,0.0000018718913929489153,0.0000018721983696242455,0.0000020160115586938534,0.0000018718913929489153,2495.74532788922
1740538681,0.000000000732593446,0.000000000732716446,0.00000000080598809,0.000000000732593446,0.0000018283666700967635,0.0000018286736467720937,0.000002011541009951856,0.0000018283666700967635,2495.74532788922
1740538693,0.000000000677449041,0.000000000677572041,0.000000000745329245,0.000000000677449041,0.0000016915222838073934,0.000001691829402466239,0.000001861012342463173,0.0000016915222838073934,2496.8996654132
1740538705,0.000000000697509569,0.000000000703592621,0.000000000773951883,0.000000000697509569,0.0000017421764964815887,0.0000017573701951665674,0.0000019331072144334533,0.0000017421764964815887,2497.70981490519
1740538717,0.000000000784286167,0.000000000790369219,0.000000000836776598,0.000000000784286167,0.0000019589192570102706,0.0000019741129556952497,0.0000020900251217075748,0.0000019589192570102706,2497.70981490519
1740538729,0.000000000828510348,0.0000000008345934,0.000000000881000779,0.000000000828510348,0.0000020693784279501146,0.000002084572126635093,0.000002200484292647418,0.0000020693784279501146,2497.70981490519
1740538740,0.000000000793837841,0.000000000799920893,0.000000000846328272,0.000000000793837841,0.0000019827765669088454,0.000001997970265593824,0.000002113882431606149,0.0000019827765669088454,2497.70981490519
1740538753,0.000000000796436878,0.000000000818987837,0.000000000933820039,0.000000000796436878,0.000001987118469174266,0.0000020433833513819077,0.0000023298909149482324,0.000001987118469174266,2495.01062050804
1740538764,0.000000000795182326,0.000000000823356879,0.000000000932440032,0.000000000795182326,0.0000019842658393780686,0.000002054571480272867,0.000002326773171724384,0.0000019842658393780686,2495.35958546703
1740538776,0.000000000730158468,0.000000000732186152,0.000000000805404767,0.000000000730158468,0.0000018220079320337215,0.0000018270677327394198,0.00000200977450551429,0.0000018220079320337215,2495.35958546703
1740538789,0.000000000779348214,0.000000000781375898,0.000000000785431266,0.000000000779348214,0.00000194475403622151,0.000001949813836927208,0.0000019599334383386044,0.00000194475403622151,2495.35958546703
1740538801,0.000000000746410047,0.000000000748437731,0.000000000752493099,0.000000000746410047,0.000001863114716840569,0.0000018681760204989083,0.0000018782986278155863,0.000001863114716840569,2496.10080187006
1740538815,0.000000000706418609,0.000000000708446293,0.000000000779290922,0.000000000706418609,0.0000017632920563808323,0.0000017683533600391716,0.000001945188695294258,0.0000017632920563808323,2496.10080187006
1740538825,0.000000000706418609,0.000000000708446293,0.000000000779290922,0.000000000706418609,0.0000017626033132382097,0.0000017676626399477076,0.0000019444289031939404,0.0000017626033132382097,2495.12582310556
1740538837,0.000000000731388448,0.000000000733416132,0.000000000838717664,0.000000000731388448,0.000001824906203325898,0.0000018299655300353958,0.0000020927061017411724,0.000001824906203325898,2495.12582310556
1740538849,0.000000000822760111,0.000000000824787795,0.000000000841371663,0.000000000822760111,0.000002052889999177297,0.0000020579493258867947,0.000002099328163180569,0.000002052889999177297,2495.12582310556
1740538861,0.000000000764782525,0.000000000783394077,0.000000000861733484,0.000000000764782525,0.0000019082286271873734,0.000001954666791190645,0.0000021501334685631217,0.0000019082286271873734,2495.12582310556
1740538873,0.000000000759568469,0.000000000770568469,0.000000000855998023,0.000000000759568469,0.0000018962817187347315,0.000001923743494410523,0.0000021370205169587845,0.0000018962817187347315,2496.52506143555
1740538885,0.000000000743519331,0.000000000754519331,0.000000000762130883,0.000000000743519331,0.0000018568442436508504,0.0000018843153339487827,0.0000019033242096123653,0.0000018568442436508504,2497.37184526659
1740538897,0.000000000807642993,0.000000000818642993,0.000000000826254545,0.000000000807642993,0.0000020169848717450415,0.000002044455962042974,0.0000020634648377065564,0.0000020169848717450415,2497.37184526659
1740538910,0.000000000807395231,0.000000000818395231,0.000000000910295231,0.000000000807395231,0.0000020163661179019144,0.000002043837208199847,0.0000022733456807798467,0.0000020163661179019144,2497.37184526659
1740538921,0.000000000774521321,0.000000000785521321,0.000000000874521321,0.000000000774521321,0.0000019339570571666067,0.0000019614237350385165,0.000002183654128729419,0.0000019339570571666067,2496.97071562812
1740538933,0.000000000741024828,0.000000000752024828,0.000000000841024828,0.000000000741024828,0.0000018506145420907174,0.0000018780856323886497,0.0000021003517266173763,0.0000018506145420907174,2497.37184526659
1740538946,0.000000000833627213,0.000000000842602385,0.000000000926862623,0.000000000833627213,0.0000020807225111870463,0.0000021031244219343817,0.000002313436862879826,0.0000020807225111870463,2495.98678970554
1740538957,0.00000000081364962,0.000000000822624792,0.000000000904887271,0.00000000081364962,0.0000020316592739219483,0.0000020540700155736735,0.0000022594770166316466,0.0000020316592739219483,2496.97071562812
1740538969,0.000000000732744395,0.000000000741719567,0.000000000815891523,0.000000000732744395,0.0000018289203301507782,0.0000018513222408981132,0.000002036454463240734,0.0000018289203301507782,2495.98678970554
1740538982,0.000000000758002108,0.00000000076697728,0.000000000843675008,0.000000000758002108,0.0000018945552153214254,0.00000191698781642048,0.0000021086865980625285,0.0000018945552153214254,2499.40626196969
1740538993,0.000000000703467434,0.000000000706467434,0.000000000712442606,0.000000000703467434,0.0000017582509096313496,0.0000017657491284172588,0.0000017806835107304048,0.0000017582509096313496,2499.40626196969
1740539005,0.000000000703467434,0.000000000706467434,0.000000000712442606,0.000000000703467434,0.0000017592741411043387,0.0000017667767235526872,0.0000017817197970770412,0.0000017592741411043387,2500.8608161161
1740539016,0.000000000775776576,0.000000000778776576,0.000000000844776576,0.000000000775776576,0.0000019401092409791137,0.000001947611823427462,0.0000021126686372911245,0.0000019401092409791137,2500.8608161161
1740539030,0.000000000755770639,0.000000000758770639,0.000000000824770639,0.000000000755770639,0.0000018900771770461265,0.0000018975797594944748,0.0000020626365733581373,0.0000018900771770461265,2500.8608161161
1740539041,0.000000000716713455,0.000000000719713455,0.000000000785713455,0.000000000716713455,0.0000017924005959926897,0.000001799903178441038,0.0000019649599923047006,0.0000017924005959926897,2500.8608161161
1740539053,0.000000000735790199,0.000000000738790199,0.000000000834473793,0.000000000735790199,0.0000018401088775613678,0.000001847611460009716,0.0000020869028109894773,0.0000018401088775613678,2500.8608161161
1740539065,0.000000000824788007,0.000000000827788007,0.000000000838997808,0.000000000824788007,0.0000020597668627303694,0.000002067258849199313,0.000002095253408336497,0.0000020597668627303694,2497.32882298126
1740539077,0.000000000824788007,0.000000000827788007,0.000000000838997808,0.000000000824788007,0.0000020597668627303694,0.000002067258849199313,0.000002095253408336497,0.0000020597668627303694,2497.32882298126
1740539089,0.000000000793448016,0.000000000796448016,0.000000000807657817,0.000000000793448016,0.000001981500599894096,0.00000198899258636304,0.000002016987145500224,0.000001981500599894096,2497.32882298126
1740539101,0.000000000790347561,0.000000000796347561,0.000000000804557362,0.000000000790347561,0.0000019737577442582397,0.0000019887417171961272,0.0000020092442898643677,0.0000019737577442582397,2497.32882298126
1740539125,0.000000000747264847,0.000000000753264847,0.000000000828591331,0.000000000747264847,0.000001867167404752069,0.0000018821594179231535,0.0000020703753579664006,0.000001867167404752069,2498.66886184741
1740539137,0.000000000736441224,0.000000000749704008,0.000000000824674408,0.000000000735494205,0.000001840728072082157,0.0000018738782788157797,0.000002061266104697765,0.0000018383610067940043,2499.4908107998
1740539149,0.000000000828365555,0.000000000841628339,0.000000000841924331,0.000000000827418536,0.000002069811218505448,0.000002102950523907656,0.000002103690109901412,0.0000020674449316185703,2498.66886184741
1740539161,0.000000000808240535,0.000000000821799311,0.000000000903979242,0.000000000807293516,0.0000020195254576873916,0.0000020534043490833558,0.0000022587447837418243,0.0000020171591708005137,2498.66886184741
1740539173,0.000000000765325623,0.000000000779683421,0.000000000779831418,0.000000000765325623,0.00000191229530336407,0.0000019481706861513652,0.000001948540481646912,0.00000191229530336407,2498.66886184741
1740539185,0.000000000768456681,0.000000000782814479,0.000000000782962476,0.000000000768456681,0.0000019210104050792965,0.0000019569024469262547,0.0000019572724141396965,0.0000019210104050792965,2499.82914141558
1740539197,0.000000000749587788,0.000000000763945586,0.000000000764093583,0.000000000749587788,0.0000018730674656950409,0.000001908944683471728,0.000001909314497881939,0.0000018730674656950409,2498.79666622189
1740539208,0.000000000742874165,0.000000000757231963,0.000000000832955159,0.000000000742874165,0.0000018562914869243702,0.0000018921687047010575,0.0000020813855744215243,0.0000018562914869243702,2498.79666622189
1740539221,0.000000000827157393,0.000000000834283228,0.00000000091771155,0.000000000827157393,0.0000020677521555587395,0.0000020855655255486586,0.0000022941220761036614,0.0000020677521555587395,2499.82914141558
1740539233,0.000000000813364917,0.000000000820490752,0.000000000902539827,0.000000000813364917,0.0000020324335430214444,0.0000020502395557634917,0.0000022552635108400816,0.0000020324335430214444,2498.79666622189
1740539245,0.000000000825933035,0.00000000083305887,0.000000000916364757,0.000000000825933035,0.000002064074035906622,0.0000020818820789129833,0.0000022900702868042814,0.000002064074035906622,2499.08158220917
1740539258,0.00000000076387585,0.000000000771001685,0.000000000848101853,0.00000000076387585,0.0000019092809544267045,0.0000019270917296330255,0.0000021198009013465955,0.0000019092809544267045,2499.46500393579
1740539270,0.00000000076387585,0.000000000771001685,0.000000000848101853,0.00000000076387585,0.0000019092809544267045,0.0000019270917296330255,0.0000021198009013465955,0.0000019092809544267045,2499.46500393579
1740539281,0.000000000749290799,0.000000000798866238,0.000000000878752861,0.000000000749290799,0.000001872826129871586,0.0000019967382047068396,0.0000021964120231779514,0.000001872826129871586,2499.46500393579
1740539293,0.000000000767221575,0.000000000796588901,0.000000001061221575,0.000000000767221575,0.0000019173493075560116,0.000001990740651081344,0.0000026520792927255073,0.0000019173493075560116,2499.08158220917
1740539304,0.000000000731467493,0.000000000760479083,0.000000000836526991,0.000000000731467493,0.0000018279969397410148,0.0000019004992699806188,0.000002090549196228956,0.0000018279969397410148,2499.08158220917
1740539317,0.000000000733132801,0.000000000745539473,0.00000000082009342,0.000000000733132801,0.000001830440873286346,0.0000018614170886449836,0.0000020475587967604604,0.000001830440873286346,2496.73847738037
1740539330,0.000000000814946622,0.000000000827353294,0.000000000831813821,0.000000000814946622,0.0000020356241781009255,0.0000020666143323161645,0.000002077756113094381,0.0000020356241781009255,2497.86197420538
1740539341,0.000000000780398053,0.000000000792804725,0.000000000797265252,0.000000000780398053,0.000001949326621332615,0.0000019803167755478536,0.00000199145855632607,0.000001949326621332615,2497.86197420538
1740539353,0.00000000072268468,0.000000000735091352,0.000000000739551879,0.00000000072268468,0.000001804545801661328,0.0000018355252986532792,0.0000018466632478776172,0.000001804545801661328,2497.00298290719
1740539365,0.000000000744143911,0.000000000756550583,0.00000000076101111,0.000000000744143911,0.0000018581295654792225,0.0000018891090624711736,0.0000019002470116955117,0.0000018581295654792225,2497.00298290719
1740539377,0.000000000687860612,0.000000000703727811,0.000000000774100592,0.000000000686860612,0.0000017175899999883652,0.0000017572104432217473,0.0000019329314872942217,0.000001715092997005458,2497.00298290719
1740539389,0.000000000773714058,0.000000000792316005,0.000000000835853446,0.000000000772714058,0.0000019314375910123823,0.000001977873996465183,0.000002086557365074577,0.0000019289412713823564,2496.31963002588
1740539401,0.000000000722068571,0.000000000724068571,0.000000000796475428,0.000000000721068571,0.0000018025139480120358,0.0000018075065872720879,0.0000019882572457496647,0.0000018000176283820099,2496.31963002588
1740539414,0.00000000076424123,0.00000000076624123,0.000000000803741254,0.00000000076324123,0.0000019077903845241237,0.0000019127830237841755,0.000002006395069821817,0.0000019052940648940978,2496.31963002588
1740539425,0.000000000745695407,0.000000000748695398,0.000000000786195422,0.000000000745695398,0.0000018630978873669405,0.0000018705932760226195,0.0000019642859752598155,0.000001863097864880707,2498.47038063752
1740539437,0.000000000728302343,0.000000000731302343,0.000000000768802367,0.000000000728302343,0.000001819597246929425,0.0000018270924744173698,0.000001920782877978501,0.000001819597246929425,2498.4091626483
1740539450,0.000000000747480364,0.000000000750480364,0.000000000787980388,0.000000000747480364,0.000001867557549562152,0.0000018750529607040647,0.0000019687456599412607,0.000001867557549562152,2498.47038063752
1740539461,0.000000000700727731,0.000000000725032333,0.00000000117965916,0.000000000700727731,0.0000017507045836521531,0.0000018114274239834734,0.000002947271254145997,0.0000017507045836521531,2498.4091626483
1740539473,0.000000000788296651,0.000000000812601253,0.00000000083756892,0.000000000788296651,0.0000019691797287313823,0.0000020298930775862468,0.000002092262775171218,0.0000019691797287313823,2498.01864086745
1740539487,0.000000000819866265,0.000000000831569614,0.000000000869138534,0.000000000819866265,0.0000020480412129883724,0.00000207727639695095,0.000002171124259428208,0.0000020480412129883724,2498.01864086745
1740539497,0.000000000818305559,0.000000000830008908,0.00000000095433561,0.000000000818305559,0.000002044442481448218,0.0000020736819551480597,0.0000023842979449230393,0.000002044442481448218,2498.38518016009
1740539510,0.000000000725642001,0.00000000073734535,0.00000000077491427,0.000000000725642001,0.0000018129332214001133,0.0000018421726950999546,0.0000019360343280625743,0.0000018129332214001133,2498.38518016009
1740539521,0.000000000765480802,0.000000000777184151,0.000000000814753071,0.000000000765480802,0.0000019124658914138602,0.0000019417053651137017,0.0000020355669980763215,0.0000019124658914138602,2498.38518016009
1740539533,0.000000000737406053,0.000000000748963259,0.00000000083725991,0.00000000073725991,0.0000018423243545755457,0.000001871198706770003,0.000002091797751086171,0.0000018419592330701618,2498.38518016009
1740539545,0.000000000702344054,0.000000000702567279,0.000000000772824006,0.000000000702344054,0.000001754725975887158,0.0000017552836779189991,0.0000019308120434623525,0.000001754725975887158,2498.38518016009
1740539558,0.000000000790037757,0.000000000790260982,0.000000000837693703,0.000000000790037757,0.000001974155855381235,0.000001974713652697772,0.000002093239106790486,0.000001974155855381235,2498.81203510788
1740539569,0.000000000793449304,0.000000000793672529,0.00000000084110525,0.000000000793449304,0.000001982680670083171,0.000001983238467399708,0.0000021017639214924224,0.000001982680670083171,2498.81203510788
1740539581,0.000000000734889392,0.000000000735112617,0.000000000782545338,0.000000000734889392,0.0000018374284328260178,0.0000018379865575810933,0.000001956581588561897,0.0000018374284328260178,2500.27888935158
1740539593,0.000000000744588589,0.000000000744811814,0.000000000792244535,0.000000000744588589,0.00000186167913032878,0.0000018622372550838555,0.000001980832286064659,0.00000186167913032878,2500.27888935158
1740539605,0.000000000685675837,0.000000000696379186,0.000000000732331783,0.000000000684675837,0.000001714380820189575,0.0000017411421777396372,0.000001831033697036102,0.0000017118805413002233,2500.27888935158
1740539617,0.000000000690288675,0.000000000701992023,0.000000000772191225,0.000000000690288674,0.0000017243367799993073,0.0000017535716698887168,0.0000019289288361281902,0.0000017243367775013138,2497.9937270437
1740539629,0.000000000776560517,0.000000000788263865,0.000000000836271842,0.000000000776560516,0.0000019398433001358124,0.000001969078190025222,0.00000208900181541928,0.0000019398432976378186,2497.9937270437
1740539641,0.000000000739532761,0.00000000075053276,0.000000000799244086,0.00000000073953276,0.0000018473481979213077,0.0000018748261264207947,0.0000019965067132047753,0.0000018473481954233141,2497.9937270437
1740539656,0.00000000069905764,0.000000000710057639,0.000000000758768965,0.000000000699057639,0.000001746241599561973,0.00000177371952806146,0.0000018954001148454406,0.000001746241597063979,2497.9937270437
1740539665,0.000000000749965467,0.000000000760965466,0.000000000809676792,0.000000000749965466,0.0000018723630988694097,0.0000018998256863103865,0.0000020214383382425294,0.0000018723630963728106,2496.59908523416
1740539678,0.000000000666536024,0.000000000676593663,0.000000000725304989,0.000000000665593663,0.0000016646525424145726,0.0000016897711762605926,0.0000018114261652642854,0.000001662299025758251,2497.46822748559
1740539689,0.000000000706201452,0.000000000716259091,0.000000000787885,0.000000000705259091,0.0000017631018990542358,0.000001788211791381251,0.0000019670329702697164,0.0000017607492014436754,2496.59908523416
1740539702,0.00000000073497792,0.000000000737135559,0.000000000778776468,0.000000000734035559,0.0000018349452027393059,0.0000018403319622929714,0.00000194429261761069,0.0000018325925051287455,2496.59908523416
1740539713,0.00000000073497792,0.000000000737135559,0.000000000778776468,0.000000000734035559,0.0000018355840031034457,0.0000018409726379523295,0.000001944969485143448,0.0000018332304864471243,2497.46822748559
1740539725,0.0000000007313003,0.0000000007344003,0.000000000776041209,0.0000000007313003,0.0000018263992640006802,0.0000018341414155058855,0.000001938138262697004,0.0000018263992640006802,2497.46822748559
1740539737,0.000000000822628902,0.000000000825728902,0.000000000925461462,0.000000000822628902,0.000002054211232835437,0.000002061952335544456,0.0000023109974937358883,0.000002054211232835437,2497.12990613529
1740539750,0.000000000833568144,0.000000000836668144,0.000000000937494628,0.000000000833568144,0.000002081527941184088,0.0000020892690438931074,0.000002341045872419979,0.000002081527941184088,2497.12990613529
1740539761,0.000000000778523929,0.000000000779723931,0.000000000797223629,0.000000000778523929,0.000001944075385747847,0.0000019470719466294696,0.000001990770965853605,0.000001944075385747847,2497.12990613529
1740539773,0.000000000714896962,0.000000000716096964,0.000000000733596662,0.000000000714896962,0.000001785190583615464,0.0000017881871444970864,0.0000018318861637212222,0.000001785190583615464,2497.12990613529
1740539785,0.000000000772990562,0.000000000774190564,0.000000000791690262,0.000000000772990562,0.0000019302578495305254,0.0000019332544104121474,0.0000019769534296362833,0.0000019302578495305254,2497.12990613529
1740539798,0.000000000734877299,0.000000000736077301,0.000000000809685031,0.000000000734877299,0.000001836897864193144,0.0000018398973868533584,0.000002023887125288734,0.000001836897864193144,2499.59805084841
1740539809,0.000000000729661738,0.000000000730861738,0.000000000803947911,0.000000000729661738,0.0000018221349870428163,0.0000018251316660114089,0.000002007644830614764,0.0000018221349870428163,2497.23247382723
1740539821,0.000000000820499876,0.000000000821699876,0.000000000840838138,0.000000000820499876,0.0000020489789351184153,0.000002051975614087008,0.000002099768303446022,0.0000020489789351184153,2497.23247382723
1740539833,0.00000000081078639,0.00000000081198639,0.000000000914237117,0.00000000081078639,0.000002028009717725339,0.0000020310112625110998,0.0000022867697095670263,0.000002028009717725339,2501.28732146742
1740539845,0.000000000783211036,0.000000000784411036,0.000000000803549298,0.000000000783211036,0.000001957712778988564,0.0000019607122966495818,0.000002008550259041408,0.000001957712778988564,2499.59805084841
1740539857,0.000000000769567957,0.000000000770767957,0.000000000789906219,0.000000000769567957,0.000001924910573851685,0.0000019279121186374456,0.0000019757824107329674,0.000001924910573851685,2501.28732146742
1740539869,0.000000000783394962,0.000000000789556821,0.000000000802733224,0.000000000782394962,0.0000019591926264932874,0.0000019746028209722902,0.000002007555690027509,0.000001956691726281354,2500.90021193331
1740539881,0.000000000766108551,0.00000000077327041,0.000000000850597451,0.000000000766108551,0.000001915961037559821,0.0000019338721322507577,0.000002127259345475833,0.000001915961037559821,2500.90021193331
1740539893,0.000000000741612654,0.000000000768314046,0.00000000084514545,0.000000000741612654,0.0000018546992435610243,0.000001921476760472739,0.0000021136244350194726,0.0000018546992435610243,2500.90021193331
1740539905,0.000000000818888785,0.000000000827276131,0.000000000910003744,0.000000000818888785,0.0000020479591359563106,0.000002068935051345269,0.0000022758285562297053,0.0000020479591359563106,2500.90021193331
1740539918,0.000000000806165621,0.000000000814552967,0.000000000896008263,0.000000000806165621,0.000002015410928082905,0.000002036379260576474,0.000002240017184884124,0.000002015410928082905,2499.99612434838
1740539929,0.000000000803164034,0.00000000081155138,0.000000000892706518,0.000000000803164034,0.0000020069427953932703,0.000002027901059103533,0.0000022306911650138864,0.0000020069427953932703,2498.79565124211
1740539942,0.000000000769884383,0.000000000777431729,0.000000000855174901,0.000000000769044383,0.0000019247079736963437,0.00000194357630944546,0.0000021379339381400094,0.000001922607976951891,2499.99612434838
1740539953,0.000000000865316237,0.000000000873538874,0.000000000960892761,0.000000000865151528,0.000002162248449964787,0.0000021827951395421294,0.0000024010746524968243,0.0000021618368758318666,2498.79565124211
1740539964,0.000000000858924384,0.000000000889715292,0.000000000978686821,0.000000000858759675,0.0000021462765154850082,0.000002223216702493204,0.000002445538372242765,0.000002145864941352088,2498.79565124211
1740539977,0.000000000807515333,0.000000000808515333,0.00000000083847095,0.000000000807515333,0.0000020200053292959214,0.0000020225068363840794,0.0000020974410246397316,0.0000020200053292959214,2501.50708815819
1740539989,0.00000000080473812,0.00000000080573812,0.000000000835693737,0.00000000080473812,0.000002013058111291096,0.0000020155596183792544,0.000002090493806634906,0.000002013058111291096,2501.50708815819
1740540000,0.000000000729073697,0.000000000729073697,0.000000000801981066,0.000000000729073697,0.0000018237830208351963,0.0000018237830208351963,0.0000020061613211676614,0.0000018237830208351963,2501.50708815819
1740540013,0.000000000820154975,0.000000000820154975,0.000000000902170472,0.000000000820154975,0.000002051623483350703,0.000002051623483350703,0.00000225678583043502,0.000002051623483350703,2501.50708815819
1740540025,0.000000000847638561,0.000000000847638561,0.000000000932402417,0.000000000847638561,0.0000021203738685377085,0.0000021203738685377085,0.0000023324112551413285,0.0000021203738685377085,2501.50708815819
1740540037,0.000000000788976675,0.000000000788976675,0.000000000867874342,0.000000000788976675,0.0000019738402737932505,0.0000019738402737932505,0.0000021712242999216894,0.0000019738402737932505,2501.77265860648
1740540050,0.000000000774160604,0.000000000774160604,0.000000000851576664,0.000000000774160604,0.0000019367738324574784,0.0000019367738324574784,0.000002130451214702517,0.0000019367738324574784,2501.77265860648
1740540062,0.000000000771949038,0.000000000773077037,0.00000000084287534,0.000000000771949037,0.0000019313836330962412,0.0000019342058385780867,0.0000021088382215412897,0.0000019313836305942838,2501.95743244937
1740540073,0.000000000845634152,0.000000000846762151,0.000000000873685114,0.000000000845634151,0.000002115584400657476,0.0000021184063977146118,0.0000021857615304366856,0.0000021155843981557038,2501.77265860648
1740540087,0.000000000800779704,0.000000000801907704,0.000000000828830667,0.000000000800779704,0.00000200336876903419,0.0000020061907685930983,0.000002073545901315172,0.00000200336876903419,2501.77265860648
1740540097,0.000000000835610659,0.000000000836738659,0.000000000863661622,0.000000000835610659,0.0000020906496753130183,0.000002093471866256077,0.000002160831566911133,0.0000020906496753130183,2501.94232540662
1740540109,0.000000000771558543,0.000000000772686543,0.000000000799609506,0.000000000771558543,0.0000019307896469911392,0.0000019336124149347584,0.0000020009858873670703,0.0000019307896469911392,2502.45385072632
1740540121,0.000000000768829775,0.000000000770029775,0.000000000796880738,0.000000000768829775,0.0000019239610310018003,0.000001926963975622672,0.000001994157271377732,0.0000019239610310018003,2502.45385072632
1740540133,0.000000000864893066,0.000000000866093066,0.000000000896063291,0.000000000864893066,0.0000021639125687761016,0.000002166914899566589,0.0000022418986739960487,0.0000021639125687761016,2501.94232540662
1740540146,0.000000000836532285,0.000000000837732285,0.00000000086770251,0.000000000836532285,0.0000020929555304106136,0.0000020959578612011016,0.000002170941635630561,0.0000020929555304106136,2501.94232540662
1740540158,0.000000000807730728,0.000000000808930728,0.000000000838900953,0.000000000807730728,0.000002019121364634478,0.0000020221210594010256,0.0000020970389986383234,0.000002019121364634478,2499.74563878976
1740540169,0.000000000772020191,0.000000000785263776,0.000000000802190416,0.000000000771020191,0.0000019301508767486804,0.0000019632615615429927,0.0000020055803628091753,0.0000019276507467012413,2500.13004743898
1740540182,0.000000000860435148,0.000000000873678733,0.000000000977256452,0.000000000859435148,0.0000021511997673874057,0.000002184310452181718,0.0000024432682196988094,0.000002148699637339967,2500.13004743898
1740540193,0.00000000083059675,0.000000000844000335,0.000000000858736559,0.00000000082975675,0.000002077632046099786,0.000002111159407877474,0.0000021480201964862723,0.0000020755308930207206,2501.37271317253
1740540205,0.000000000806353869,0.000000000819757454,0.000000000834493678,0.000000000805513869,0.0000020169915650776968,0.0000020505189268553855,0.0000020873797154641837,0.000002014890411998632,2501.37271317253
1740540217,0.000000000751072946,0.000000000753232946,0.00000000082855624,0.000000000750232946,0.0000018772828421128343,0.0000018826816931306472,0.000002070949860944031,0.0000018751832889392405,2499.4680638022
1740540230,0.000000000737689999,0.000000000739849999,0.000000000765829808,0.000000000736849999,0.000001843832593486777,0.0000018492314445045897,0.0000019141671474037706,0.000001841733040313183,2499.4680638022
1740540241,0.000000000758049335,0.000000000760209335,0.000000000836230268,0.000000000757209335,0.0000018947201036189954,0.0000019001189546368082,0.000002090130848850755,0.0000018926205504454016,2499.4680638022
1740540253,0.000000000736350414,0.000000000738350414,0.000000000812185455,0.000000000735350414,0.0000018404843435605283,0.0000018454832796881327,0.000002030031606657159,0.0000018379848754967263,2499.4680638022
1740540266,0.00000000069402612,0.00000000069602612,0.000000000765628732,0.00000000069302612,0.0000017361031339287996,0.000001741106124692112,0.0000019152167371613233,0.0000017336016385471433,2501.49538165624
1740540277,0.000000000780613985,0.000000000802472906,0.000000000836587865,0.000000000779613985,0.0000019527022783337737,0.000002007382268263262,0.0000020927206806471543,0.000001950200782952117,2501.49538165624
1740540290,0.000000000793308672,0.000000000815167593,0.000000000849282552,0.000000000792308672,0.0000019837205957002273,0.0000020383802676765404,0.000002123686970071656,0.0000019812200298225104,2500.56587771705
1740540301,0.000000000738462309,0.00000000076132123,0.000000000795436189,0.000000000738462309,0.0000018465736518655445,0.0000019037338897195743,0.0000019890405921146906,0.0000018465736518655445,2500.56587771705
1740540315,0.000000000749928356,0.000000000772787277,0.000000000806902236,0.000000000749928356,0.000001875098937063834,0.000001932254714847927,0.000002017554760975102,0.000001875098937063834,2500.37076483588
1740540325,0.000000000843606588,0.000000000873678232,0.000000000961046055,0.000000000843606588,0.000002109493848170106,0.0000021846899750433606,0.0000024031589720475833,0.000002109493848170106,2500.56587771705
1740540338,0.000000000852086495,0.000000000873372973,0.000000000882158139,0.000000000852086495,0.0000021300700232393587,0.0000021832825655742118,0.0000022052439730787184,0.0000021300700232393587,2499.8284044384
1740540349,0.000000000852086495,0.000000000873372973,0.000000000882158139,0.000000000852086495,0.0000021300700232393587,0.0000021832825655742118,0.0000022052439730787184,0.0000021300700232393587,2499.8284044384
1740540361,0.000000000865207416,0.000000000868207416,0.000000000984806966,0.000000000865207416,0.000002163339328485595,0.0000021708404407801027,0.0000024623825467931226,0.000002163339328485595,2500.37076483588
1740540373,0.000000000824126948,0.000000000827126948,0.000000000854198592,0.000000000824126948,0.0000020601759534735284,0.0000020676754386868435,0.000002135349903312888,0.0000020601759534735284,2499.8284044384
1740540386,0.000000000754555807,0.000000000757555807,0.000000000833311387,0.000000000754555807,0.0000018862600390725393,0.0000018937595242858545,0.00000208313547496456,0.0000018862600390725393,2499.8284044384
1740540398,0.000000000791360611,0.000000000794360611,0.000000000836804804,0.000000000791360611,0.0000019770356823083674,0.000001984530504472223,0.000002090567730613344,0.0000019770356823083674,2498.27405461853
1740540411,0.000000000791360611,0.000000000794360611,0.000000000836804804,0.000000000791360611,0.0000019776727373531486,0.0000019851699745539767,0.000002091241368793556,0.0000019776727373531486,2499.07906694278
1740540422,0.000000000891263546,0.000000000893263546,0.000000000935707739,0.000000000890263546,0.000002226620592799109,0.0000022316171409083457,0.0000023376543670494674,0.00000222412231874449,2498.27405461853
1740540434,0.000000000851026434,0.000000000853026434,0.000000000895470627,0.000000000850026434,0.0000021260972598567287,0.000002131093807965966,0.0000022371310341070873,0.0000021235989858021105,2498.27405461853
1740540446,0.000000000831559947,0.000000000834559947,0.00000000087700414,0.000000000831559947,0.00000207746464045006,0.0000020849594626139156,0.000002190996688755037,0.00000207746464045006,2498.27405461853
1740540458,0.00000000079697123,0.00000000079997123,0.00000000089697123,0.00000000079697123,0.0000019898622764789804,0.0000019973526181685252,0.000002239540332797146,0.0000019898622764789804,2496.78056318166
1740540470,0.000000000815707519,0.00000000082570752,0.000000000908278272,0.000000000815707519,0.000002036642678680335,0.0000020616104868089317,0.000002267771535489825,0.000002036642678680335,2496.78056318166
1740540481,0.000000000815707519,0.00000000082570752,0.000000000908278272,0.000000000815707519,0.0000020354070252835527,0.0000020603596851697767,0.0000022663956536867546,0.0000020354070252835527,2495.26573909582
1740540493,0.000000000778559297,0.000000000788559298,0.000000000867415227,0.000000000778559297,0.000001942712339658627,0.000001967664999544851,0.000002164431497503124,0.000001942712339658627,2495.26573909582
1740540506,0.000000000875871245,0.000000000885871246,0.000000000897311948,0.000000000875871245,0.0000021855315095077013,0.0000022104841693939253,0.00000223903176112573,0.0000021855315095077013,2495.26573909582
1740540518,0.000000000823321299,0.000000000843762002,0.000000000928138202,0.000000000822321299,0.000002053264104316724,0.0000021042407543655882,0.000002314664829303371,0.0000020507702248230068,2493.87949371722
1740540530,0.000000000872702741,0.000000000894143444,0.000000000983557788,0.000000000872702741,0.000002177470299250532,0.0000022309667440125305,0.000002454063417415749,0.000002177470299250532,2495.08818633415
1740540541,0.000000000872702741,0.000000000894143444,0.000000000983557788,0.000000000872702741,0.0000021764154698907103,0.0000022298859994332914,0.000002452874598379069,0.0000021764154698907103,2493.87949371722
1740540554,0.000000000855287377,0.00000000087672808,0.000000000964400888,0.000000000855287377,0.0000021329836507354892,0.0000021864541802780703,0.0000024050995983058777,0.0000021329836507354892,2493.87949371722
1740540565,0.000000000842449472,0.000000000892449472,0.000000001150482614,0.000000000842449472,0.0000021009674627136996,0.00000222566143739956,0.000002869164998932784,0.0000021009674627136996,2493.87949371722
1740540578,0.000000000793712326,0.000000000824965595,0.000000000964337326,0.000000000793712326,0.0000019794228937219973,0.0000020573647803927253,0.0000024049410823374975,0.0000019794228937219973,2493.87949371722
1740540589,0.000000000841611117,0.000000000850207463,0.00000000097569321,0.000000000841611117,0.000002100690857097291,0.0000021221476381234434,0.000002435364462490705,0.000002100690857097291,2496.03506258971
1740540602,0.000000000795549168,0.000000000804145514,0.000000000884560065,0.000000000795549168,0.0000019857186173420717,0.0000020071753983682246,0.000002207892937206633,0.0000019857186173420717,2496.03506258971
1740540614,0.000000000727959598,0.000000000736555944,0.000000000810211538,0.000000000727959598,0.0000018170126807567102,0.0000018384694617828627,0.0000020223164069627352,0.0000018170126807567102,2496.03506258971
1740540625,0.000000000788721334,0.00000000079731768,0.000000000922803427,0.000000000788721334,0.0000019686761042765296,0.000001990132885302682,0.000002303349709669944,0.0000019686761042765296,2496.03506258971
1740540638,0.000000000740883192,0.000000000741083192,0.000000000873965285,0.000000000739883192,0.000001849270424515384,0.000001849769631527902,0.0000021814479948462086,0.0000018467743894527944,2496.03506258971
1740540650,0.000000000833363915,0.000000000833563915,0.000000000892480723,0.000000000832363915,0.0000020797847707136905,0.000002080283900741588,0.000002227319640844953,0.000002077289120574203,2495.65013948761
1740540662,0.000000000848800221,0.000000000849000221,0.000000000907917029,0.000000000847800221,0.0000021183083899357643,0.0000021188075199636616,0.0000022658432600670263,0.0000021158127397962765,2495.65013948761
1740540674,0.000000000829651976,0.000000000829851976,0.000000000977645662,0.000000000828651976,0.0000020709647081381956,0.000002071463945111781,0.0000024403843076803605,0.000002068468523270267,2496.18486792852
1740540685,0.000000000835321514,0.000000000835521514,0.000000000894438322,0.000000000834321514,0.0000020851169231019415,0.000002085616160075527,0.000002232683404671777,0.0000020826207382340126,2496.18486792852
1740540697,0.000000000788550491,0.000000000797550491,0.000000000847667299,0.000000000787550491,0.0000019683678032318044,0.000001990833467043161,0.0000021159342848016402,0.000001965871618363876,2496.18486792852
1740540710,0.000000000886903908,0.000000000895903908,0.000000000898353417,0.000000000885903908,0.0000022121065166816352,0.0000022345542232150636,0.000002240663763124285,0.00000220961232706681,2494.18961482537
1740540721,0.000000000844609513,0.000000000845809513,0.000000000857059022,0.000000000844609513,0.000002106257809848891,0.0000021092503280871018,0.0000021373039621316137,0.000002106257809848891,2493.76519850883
1740540734,0.000000000838961404,0.000000000840161404,0.000000000851410913,0.000000000838961404,0.000002092172752187307,0.0000020951652704255175,0.0000021232189044700294,0.000002092172752187307,2493.76519850883
1740540747,0.000000000825808064,0.000000000827008064,0.000000000838257573,0.000000000825808064,0.0000020593714106511527,0.0000020623639288893634,0.0000020904175629338753,0.0000020593714106511527,2493.76519850883
1740540757,0.000000000799861715,0.000000000801061715,0.000000000812311224,0.000000000799861715,0.000001994667308486588,0.000001997659826724799,0.0000020257134607693105,0.000001994667308486588,2493.76519850883
1740540770,0.000000000899731903,0.000000000899870188,0.000000000989857206,0.000000000899731903,0.0000022434672524506927,0.0000022438120639083846,0.000002468193268304435,0.0000022434672524506927,2493.4841645275
1740540782,0.000000000841349681,0.000000000841487966,0.000000000925636762,0.000000000841349681,0.0000020973331950370654,0.0000020976779146315757,0.000002307445704599041,0.0000020973331950370654,2492.81986123088
1740540794,0.000000000805774414,0.000000000805912699,0.000000000886503968,0.000000000805774414,0.0000020091857414904257,0.0000020095305529481177,0.0000022104836059987937,0.0000020091857414904257,2493.4841645275
1740540806,0.000000000803002384,0.000000000803140669,0.000000000883454735,0.000000000803002384,0.000002001740291450946,0.0000020020850110454562,0.000002202293509906464,0.000002001740291450946,2492.81986123088
1740540818,0.000000000800590219,0.000000000800728504,0.000000000880801354,0.000000000800590219,0.00000199572719863038,0.0000019960719182248905,0.0000021956791090502514,0.00000199572719863038,2492.81986123088
1740540830,0.000000000786246334,0.000000000787246334,0.000000000865970967,0.000000000786246334,0.0000019598769549612423,0.0000019623696558746955,0.000002158606620465085,0.0000019598769549612423,2492.70091345347
1740540842,0.000000000786246334,0.000000000787246334,0.000000000865970967,0.000000000786246334,0.0000019610121233517423,0.0000019635062680473053,0.0000021598568938543776,0.0000019610121233517423,2494.14469556273
1740540854,0.00000000087066574,0.000000000874077903,0.000000000884419404,0.000000000870665738,0.0000021703092854106415,0.0000021788147872375938,0.000002204593056226774,0.0000021703092804252398,2492.70091345347
1740540867,0.0000000007980238,0.000000000801435963,0.000000000811777464,0.000000000798023798,0.000001987112153568325,0.0000019956085800749736,0.0000020213593438031217,0.000001987112148588243,2490.04121627491
1740540878,0.000000000875542523,0.000000000878954686,0.000000000889296187,0.000000000875542521,0.000002182465646849456,0.000002190971148676408,0.000002216749417665588,0.000002182465641864054,2492.70091345347
1740540890,0.000000000857086699,0.000000000861371573,0.000000000870840365,0.000000000857086699,0.0000021341812064310077,0.000002144850719297552,0.0000021684284016458866,0.0000021341812064310077,2490.04121627491
1740540902,0.000000000785065425,0.000000000789350299,0.000000000868285328,0.000000000785065425,0.0000019553912844052346,0.000001966063777432646,0.000002162670152934248,0.0000019553912844052346,2490.73672350968
1740540926,0.000000000735302226,0.0000000007395871,0.00000000081354581,0.000000000735302226,0.000001831444257176614,0.000001842116750204026,0.0000020263284252244286,0.000001831444257176614,2490.73672350968
1740540938,0.00000000082714086,0.000000000832975435,0.000000000891838634,0.00000000082714086,0.0000020601901155173788,0.00000207472250573595,0.0000022213352371485086,0.0000020601901155173788,2490.73672350968
1740540949,0.000000000843793715,0.00000000084862829,0.000000000907491489,0.000000000842793715,0.000002101176343453216,0.0000021132151800077766,0.0000022597936138596795,0.000002098686189395298,2490.15405791831
1740540962,0.000000000822854055,0.00000000082768863,0.000000000886551829,0.000000000821854055,0.0000020490333641327865,0.0000020610722006873465,0.00000220765063453925,0.000002046543210074868,2490.15405791831
1740540974,0.00000000080356461,0.000000000808399185,0.000000000867262384,0.00000000080256461,0.000002001583151221738,0.0000020136254982127506,0.00000216024667326103,0.000001999092271053158,2490.88016858002
1740540986,0.000000000787687097,0.000000000837687097,0.000000000852384871,0.000000000787687097,0.0000019614622209644435,0.000002085969923860359,0.0000021225696454288254,0.0000019614622209644435,2490.15405791831
1740540998,0.00000000071172414,0.00000000076172414,0.000000000837896554,0.00000000071172414,0.0000017723027553394195,0.000001896810458235335,0.0000020864915040588683,0.0000017723027553394195,2490.15405791831
1740541009,0.000000000800663412,0.000000000875065852,0.000000000888939272,0.000000000800663412,0.0000019937525469634944,0.0000021790239756650454,0.0000022135705354872322,0.0000019937525469634944,2490.12570960779
1740541021,0.000000000847730388,0.000000000897730388,0.000000000936006248,0.000000000847730388,0.0000021109552339745875,0.000002235461519454977,0.000002330773222498325,0.0000021109552339745875,2490.12570960779
1740541033,0.000000000843280132,0.000000000893280132,0.000000000931555992,0.000000000843280132,0.000002099873537094651,0.0000022243798225750406,0.000002319691525618389,0.000002099873537094651,2490.12570960779
1740541046,0.000000000846694237,0.000000000894186043,0.000000000934970097,0.000000000846694237,0.0000021083750877304515,0.0000022266356548467568,0.0000023281930762541894,0.0000021083750877304515,2490.12570960779
1740541057,0.000000000832722989,0.000000000877195659,0.000000001013098733,0.000000000832722989,0.000002073584923890345,0.0000021843274628322483,0.0000025227432014143777,0.000002073584923890345,2490.12570960779
1740541070,0.000000000817431258,0.000000000861903928,0.000000001041427543,0.000000000817431258,0.0000020362909210509095,0.000002147076131757757,0.0000025942847548206384,0.0000020362909210509095,2491.08521496117
1740541082,0.000000000801081413,0.000000000845554083,0.000000001025077698,0.000000000801081413,0.000001996126647988477,0.0000021069432020285314,0.0000025542783492799427,0.000001996126647988477,2491.78999237182
1740541094,0.000000000774036648,0.00000000080511877,0.000000000885630647,0.000000000774036648,0.000001928191249670904,0.0000020056194642347228,0.0000022061814106581953,0.000001928191249670904,2491.08521496117
1740541106,0.000000000774036648,0.00000000080511877,0.000000000885630647,0.000000000774036648,0.000001928325585977821,0.00000200575919493413,0.000002206335114427543,0.000001928325585977821,2491.25876786369
1740541118,0.000000000801913089,0.000000000832995211,0.000000000916294732,0.000000000801913089,0.0000019981990099221727,0.0000020756491304634526,0.000002283214043260619,0.0000019981990099221727,2491.78999237182
1740541130,0.00000000080356645,0.000000000834648572,0.000000000918113429,0.00000000080356645,0.0000020018919641235994,0.0000020793255730799083,0.0000022872581298896473,0.0000020018919641235994,2491.25876786369
1740541142,0.000000000782311973,0.000000000812454095,0.000000000893699504,0.000000000781371973,0.000001948941561940992,0.000002024033387655509,0.0000022264367251754312,0.0000019465997786992007,2491.25876786369
1740541154,0.000000000751901773,0.000000000781402542,0.000000000859542796,0.000000000751901773,0.0000018736988756605313,0.000001947213209169652,0.000002141934529588228,0.0000018736988756605313,2491.94634584341
1740541165,0.000000000845800092,0.000000000875300861,0.000000000893898319,0.000000000845800092,0.0000021076884485734203,0.000002181202782082541,0.0000022275466495876172,0.0000021076884485734203,2491.94634584341
1740541178,0.000000000789683409,0.000000000819184178,0.000000000837781636,0.000000000789683409,0.000001967848685430717,0.0000020413630189398376,0.000002087706886444914,0.000001967848685430717,2491.94634584341
1740541190,0.000000000798438409,0.000000000827939178,0.000000000846536636,0.000000000798438409,0.0000019892069236108863,0.0000020627043071099375,0.0000021090374892291393,0.0000019892069236108863,2491.37178420845
1740541202,0.000000000785312698,0.000000000814813467,0.000000000833410925,0.000000000785312698,0.000001956505897577812,0.000002030003281076863,0.000002076336463196065,0.000001956505897577812,2491.37178420845
1740541214,0.000000000762618747,0.000000000809654707,0.000000000809853522,0.000000000761755295,0.0000018999668283842027,0.00000201715089197136,0.0000020176462140526373,0.0000018978156484343844,2491.37178420845
1740541226,0.000000000832532823,0.000000000836514076,0.000000000920165483,0.000000000831669371,0.000002074148784649608,0.0000020840675660396034,0.0000022924743211487402,0.0000020719976046997894,2491.37178420845
1740541238,0.000000000818428149,0.000000000822409402,0.000000000904650342,0.000000000817564697,0.0000020390087978205495,0.0000020489275792105446,0.000002253820336633325,0.000002036857617870731,2491.37178420845
1740541250,0.000000000798901944,0.000000000803746649,0.000000000884121313,0.000000000798901944,0.000001990790727755017,0.0000020028632904332577,0.000002203149617233866,0.000001990790727755017,2491.90872885774
1740541262,0.000000000770612803,0.000000000775457508,0.000000000853003258,0.000000000770612803,0.00000192029677036523,0.0000019323693330434705,0.0000021256062643542905,0.00000192029677036523,2491.90872885774
1740541274,0.000000000758199122,0.000000000763043827,0.000000000839348209,0.000000000758199122,0.0000018896355842960897,0.0000019017098886546445,0.0000020918808757755214,0.0000018896355842960897,2492.26823068794
1740541286,0.000000000806606978,0.000000000815007856,0.000000000896508641,0.000000000806606978,0.000002010280945920606,0.0000020312181872698915,0.00000223434000450152,0.000002010280945920606,2492.26823068794
1740541298,0.000000000763069954,0.000000000766069954,0.000000000842676949,0.000000000763069954,0.0000019023770408124504,0.0000019098562124041513,0.0000021008418326473436,0.0000019023770408124504,2493.05719723365
1740541309,0.000000000792884941,0.000000000795884941,0.000000000801285819,0.000000000792884941,0.000001976861954794006,0.0000019843417107557,0.0000019978074605619938,0.000001976861954794006,2493.25198723128
1740541322,0.000000000762430308,0.000000000765430308,0.000000000770831186,0.000000000762430308,0.0000019007823667484687,0.0000019082615383401693,0.0000019217262361094503,0.0000019007823667484687,2493.05719723365
1740541334,0.000000000852625305,0.000000000855625305,0.000000000947128801,0.000000000852625305,0.000002125643653173786,0.000002133122824765487,0.0000023612462740403275,0.000002125643653173786,2493.05719723365
1740541347,0.000000000783455727,0.000000000791856605,0.000000000821025419,0.000000000783455727,0.000001953352548250477,0.0000019742980540184647,0.0000020470232574891446,0.000001953352548250477,2493.25198723128
1740541358,0.000000000783455727,0.000000000791856605,0.000000000821025419,0.000000000783455727,0.000001953352548250477,0.0000019742980540184647,0.0000020470232574891446,0.000001953352548250477,2493.25198723128
1740541370,0.000000000878173946,0.000000000886574824,0.000000000894718219,0.000000000878173946,0.0000021869388325816076,0.000002207859751961719,0.0000022281394549017454,0.0000021869388325816076,2490.32534219776
1740541382,0.000000000849459537,0.000000000857860415,0.00000000086600381,0.000000000849459537,0.000002115430612162676,0.0000021363515315427876,0.000002156631234482814,0.000002115430612162676,2490.32534219776
1740541394,0.000000000824908718,0.000000000833309596,0.000000000841452991,0.000000000824908718,0.000002054291085435266,0.000002075212004815377,0.0000020954917077554037,0.000002054291085435266,2490.32534219776
1740541406,0.000000000835824441,0.000000000844225319,0.000000000852368714,0.000000000835824441,0.0000020814747870505768,0.000002102395706430688,0.000002122675409370715,0.0000020814747870505768,2490.32534219776
1740541418,0.000000000770807455,0.000000000787351728,0.0000000008660869,0.000000000770807455,0.0000019204296348644467,0.0000019616488939029932,0.0000021578137813001307,0.0000019204296348644467,2491.45181771036
1740541430,0.000000000866373237,0.000000000885399151,0.000000000895565782,0.000000000866373237,0.0000021585271761392586,0.0000022059293241581597,0.0000022312589954431,0.0000021585271761392586,2491.45181771036
1740541442,0.000000000826574085,0.000000000845599999,0.00000000085576663,0.000000000826574085,0.0000020593695065455276,0.0000021067716545644286,0.000002132101325849369,0.0000020593695065455276,2491.45181771036
1740541454,0.000000000815009199,0.000000000834035113,0.000000000844201744,0.000000000815009199,0.0000020305561502992144,0.0000020779582983181155,0.0000021032879696030563,0.0000020305561502992144,2491.45181771036
1740541466,0.00000000077371047,0.000000000792736384,0.000000000872010022,0.00000000077371047,0.0000019271853715530697,0.000001974575790272913,0.00000217203336830387,0.0000019271853715530697,2490.83532700943
1740541478,0.00000000086008032,0.00000000088636985,0.000000000975006835,0.00000000086008032,0.000002142489030715047,0.000002207977134951235,0.0000024287748484463586,0.000002142489030715047,2491.03366382694
1740541490,0.000000000794678549,0.000000000820968079,0.000000000903064886,0.000000000794678549,0.0000019791765628990386,0.0000020446516178015602,0.0000022491167773402328,0.0000019791765628990386,2490.53729383985
1740541502,0.000000000790423643,0.000000000805745094,0.000000000816713173,0.000000000790423643,0.0000019685795608242554,0.0000020067382059354956,0.000002034054615726777,0.0000019685795608242554,2490.53729383985
1740541515,0.000000000768117583,0.000000000783439034,0.000000000794407113,0.000000000768117583,0.0000019130254865156263,0.0000019511841316268664,0.000001978500541418148,0.0000019130254865156263,2490.53729383985
1740541525,0.000000000851007323,0.000000000865388774,0.000000000876356853,0.000000000850067323,0.000002119465475262315,0.000002155283015317346,0.0000021825994251086273,0.0000021171243702061057,2490.53729383985
1740541538,0.000000000802251446,0.000000000816632897,0.000000000833193863,0.000000000801311446,0.0000019980371452999464,0.000002033854685354977,0.000002075100388799991,0.000001995696040243737,2490.53729383985
1740541550,0.000000000802251446,0.000000000816632897,0.000000000833193863,0.000000000801311446,0.00000199753534689947,0.0000020333438915339943,0.000002074579236298708,0.000001995194829801685,2489.91180615394
1740541562,0.000000000787468304,0.000000000802789755,0.000000000819350721,0.000000000787468304,0.0000019607266271016197,0.000001998875688833929,0.000002040111033598643,0.0000019607266271016197,2489.91180615394
1740541574,0.000000000770865623,0.000000000771865623,0.00000000080274804,0.000000000770865623,0.00000191827398789864,0.0000019207624553184647,0.000001997612343868416,0.00000191827398789864,2488.46741982505
1740541585,0.000000000791391228,0.000000000792391228,0.00000000087163035,0.000000000791391228,0.0000019693512872133377,0.000001971839754633163,0.0000021690237281057055,0.0000019693512872133377,2488.46741982505
1740541598,0.000000000823705221,0.000000000824705221,0.000000000890765058,0.000000000823705221,0.0000020497636059982926,0.0000020522520734181174,0.000002216639825551571,0.0000020497636059982926,2488.46741982505
1740541610,0.000000000823705221,0.000000000824705221,0.000000000890765058,0.000000000823705221,0.0000020498931884742,0.00000205238181321059,0.0000022167799576506824,0.0000020498931884742,2488.62473639001
1740541623,0.000000000813147896,0.000000000814147896,0.000000000880207733,0.000000000813147896,0.000002023995528821119,0.000002026484615417515,0.000002190913270254312,0.000002023995528821119,2489.08659639589
1740541634,0.000000000772801977,0.000000000773801977,0.000000000830287793,0.000000000772801977,0.0000019235710426189446,0.0000019260601292153405,0.0000020666582167074255,0.0000019235710426189446,2489.08659639589
1740541645,0.00000000076047743,0.00000000076147743,0.000000000817963246,0.00000000076047743,0.0000018928941778745936,0.0000018953832644709894,0.000002035981351963074,0.0000018928941778745936,2489.08659639589
1740541658,0.000000000855477204,0.000000000856477204,0.000000000984499751,0.000000000855477204,0.0000021293568419986327,0.0000021318459285950286,0.000002450505134369191,0.0000021293568419986327,2489.08659639589
1740541669,0.000000000782022112,0.000000000783022112,0.000000000821544682,0.000000000782022112,0.0000019480474366193623,0.0000019505384754362026,0.0000020464996926306465,0.0000019480474366193623,2491.03881684021
1740541682,0.000000000761689504,0.000000000762689504,0.000000000801212074,0.000000000761689504,0.0000018959779311370288,0.000001898467105428102,0.0000019943564962981663,0.0000018959779311370288,2489.17429107311
1740541694,0.000000000856673824,0.000000000857673824,0.00000000089498432,0.000000000856673824,0.0000021340077489549386,0.0000021364987877717785,0.00000222944068158334,0.0000021340077489549386,2491.03881684021
1740541705,0.00000000076434807,0.00000000076434807,0.000000000840782877,0.00000000076434807,0.000001904020711946898,0.000001904020711946898,0.000002094422783141588,0.000001904020711946898,2491.03881684021
1740541718,0.000000000834388033,0.000000000834388033,0.000000000917826836,0.000000000834388033,0.00000207849297850995,0.00000207849297850995,0.0000022863422756136336,0.00000207849297850995,2491.03881684021
1740541730,0.000000000795067938,0.000000000795067938,0.000000000874574731,0.000000000795067938,0.0000019820066119208707,0.0000019820066119208707,0.0000021802072711186567,0.0000019820066119208707,2492.87704508199
1740541742,0.000000000870164762,0.000000000957181238,0.000000001052899361,0.000000000870164762,0.000002169213760629033,0.0000023861351361933614,0.0000026247486478183956,0.000002169213760629033,2492.87704508199
1740541754,0.000000000901591101,0.000000000901591101,0.000000000991750211,0.000000000901591101,0.000002247555759733098,0.000002247555759733098,0.0000024723113354571206,0.000002247555759733098,2492.87704508199
1740541766,0.000000000879464055,0.000000000884396117,0.000000000972835728,0.000000000879464055,0.0000021923957546842248,0.0000022046907788289463,0.000002425159854966827,0.0000021923957546842248,2492.87704508199
1740541778,0.000000000816454804,0.000000000821386866,0.000000000903525552,0.000000000816454804,0.000002036019953762509,0.000002048319197512435,0.000002253151115767439,0.000002036019953762509,2493.73259093777
1740541789,0.000000000779671252,0.000000000802798298,0.000000000883078127,0.000000000779671252,0.000001943841179471008,0.0000020015004868508832,0.0000022016505335414477,0.000001943841179471008,2493.15487070313
1740541802,0.000000000779671252,0.000000000802798298,0.000000000883078127,0.000000000779671252,0.000001943841179471008,0.0000020015004868508832,0.0000022016505335414477,0.000001943841179471008,2493.15487070313
1740541815,0.00000000087703566,0.000000000897364408,0.000000000987100848,0.00000000087703566,0.0000021865857275093344,0.000002237268444600831,0.00000246099528706639,0.0000021865857275093344,2493.15487070313
1740541825,0.000000000868021794,0.000000000888350542,0.000000000977185596,0.000000000868021794,0.000002164112763587569,0.0000022147954806790655,0.0000024362750282483415,0.000002164112763587569,2493.15487070313
1740541838,0.000000000822702154,0.000000000843030902,0.000000000927333992,0.000000000822702154,0.000002050707735547074,0.0000021013801697626615,0.0000023115181862403976,0.000002050707735547074,2492.64904142584
1740541850,0.000000000770241718,0.000000000790570466,0.000000000869627512,0.000000000770241718,0.0000019199422800388925,0.0000019706147142544797,0.000002167676184184338,0.0000019199422800388925,2492.64904142584
1740541862,0.000000000866476438,0.000000000886805186,0.000000000975485704,0.000000000866476438,0.000002159821662598776,0.0000022104940968143638,0.0000024315435050002106,0.000002159821662598776,2492.64904142584
1740541874,0.000000000817090881,0.000000000846849163,0.000000000931534079,0.000000000817090881,0.000002036720801282445,0.0000021108977543842253,0.0000023219875290748527,0.000002036720801282445,2492.64904142584
1740541889,0.000000000757455316,0.000000000787213596,0.000000000865934955,0.000000000757455314,0.0000018890101589292706,0.000001963224032731249,0.0000021595464345080397,0.0000018890101539414904,2493.88989558464
1740541898,0.000000000817085048,0.000000000839300986,0.00000000084584333,0.000000000816085048,0.0000020377201450404904,0.0000020931242483396253,0.000002109440133934664,0.000002035226255144906,2493.88989558464
1740541910,0.000000000764684713,0.000000000787900651,0.000000000794442995,0.000000000764684713,0.0000019073671531717413,0.000001965275094599716,0.000001981593783646597,0.0000019073671531717413,2494.31840436405
1740541922,0.000000000683021276,0.000000000706237214,0.000000000776860935,0.000000000683021276,0.0000017033063458593692,0.0000017612018403482958,0.0000019373220233856126,0.0000017033063458593692,2493.78226668794
1740541934,0.000000000768383747,0.000000000791599685,0.000000000885362471,0.000000000768383747,0.0000019165937217563098,0.0000019745016631842844,0.0000022083759059485325,0.0000019165937217563098,2494.31840436405
1740541946,0.0000000007498892,0.000000000760433036,0.0000000008288892,0.0000000007498892,0.000001870462432793834,0.0000018967621169812303,0.0000020675135867385937,0.000001870462432793834,2494.31840436405
1740541958,0.000000000748461034,0.00000000075900487,0.000000000834905357,0.000000000748461034,0.0000018664988538961196,0.0000018927928851357856,0.000002082072173649364,0.0000018664988538961196,2493.78226668794
1740541970,0.000000000698899748,0.000000000709443584,0.000000000780387942,0.000000000698899748,0.0000017429037977550701,0.0000017691978289947361,0.000001946117610896697,0.0000017429037977550701,2493.78226668794
1740541982,0.000000000753205349,0.000000000763749185,0.000000000832205349,0.000000000753205349,0.0000018787051331547391,0.0000019050044137462017,0.0000020757532631451493,0.0000018787051331547391,2494.28012646089
1740541994,0.000000000753205349,0.000000000763749185,0.000000000832205349,0.000000000753205349,0.000001878294337514918,0.0000019045878675340283,0.0000020752993811735745,0.000001878294337514918,2493.73472985641
1740542006,0.000000000729448834,0.000000000746243485,0.000000000830549086,0.000000000729448834,0.0000018190518909990633,0.000001860933295473581,0.000002071169100608698,0.0000018190518909990633,2493.73472985641
1740542018,0.000000000819862001,0.000000000836656652,0.000000000890413167,0.000000000819862001,0.0000020445183455832707,0.0000020863997500577886,0.0000022204542384693354,0.0000020445183455832707,2493.73472985641
1740542030,0.000000000776024383,0.000000000792819034,0.000000000846575549,0.000000000776024383,0.000001935198955102492,0.00000197708035957701,0.0000021111348479885568,0.000001935198955102492,2493.73472985641
1740542042,0.000000000641545807,0.000000000658340458,0.000000000724174503,0.000000000641545807,0.0000015982178472719036,0.0000016400566539074255,0.0000018040623173052093,0.0000015982178472719036,2491.19833663242
1740542054,0.000000000641545807,0.000000000658340458,0.000000000724174503,0.000000000641545807,0.0000015982178472719036,0.0000016400566539074255,0.0000018040623173052093,0.0000015982178472719036,2491.19833663242
1740542066,0.000000000722673658,0.000000000738640856,0.000000000792224824,0.000000000721673658,0.0000018004324950670412,0.0000018402123622534682,0.0000019737087421669485,0.0000017979411457904537,2491.34927658736
1740542078,0.00000000075309469,0.00000000076309469,0.000000000839404159,0.00000000075209469,0.0000018766417287312373,0.0000019015607960630123,0.0000020917168756693137,0.0000018741498219980597,2491.90673317752
1740542090,0.000000000700292283,0.000000000711292283,0.000000000782421511,0.000000000700292283,0.0000017446726726517607,0.0000017720775146942215,0.000001949285265416239,0.0000017446726726517607,2491.34927658736
1740542102,0.000000000690048807,0.000000000701048807,0.000000000769048807,0.000000000690048807,0.0000017186702393988008,0.000001746067392240175,0.0000019154316098050325,0.0000017186702393988008,2490.65025830673
1740542114,0.000000000675626531,0.000000000686626531,0.000000000754626531,0.000000000675626531,0.0000016827493939540299,0.000001710146546795404,0.0000018795107643602616,0.0000016827493939540299,2490.65025830673
1740542126,0.00000000068243039,0.00000000069343039,0.00000000076143039,0.00000000068243039,0.0000017005528837659608,0.0000017279638578309138,0.000001897413515686985,0.0000017005528837659608,2491.90673317752
1740542138,0.000000000766513128,0.000000000777513128,0.000000000866513128,0.000000000766513128,0.0000019091161202486996,0.0000019365132730900737,0.0000021581811460793724,0.0000019091161202486996,2490.65025830673
1740542150,0.00000000074345476,0.000000000754581094,0.000000000858337618,0.000000000743337618,0.0000018516599823843119,0.0000018793714028054307,0.000002137789014392311,0.00000185136822669812,2490.61554516688
1740542162,0.000000000674839716,0.000000000683839716,0.000000000752839716,0.000000000673839716,0.0000016809703086096369,0.0000017033885694481658,0.0000018752619025435535,0.0000016784793907386893,2490.91787094765
1740542174,0.000000000674318131,0.000000000683318131,0.000000000752318131,0.000000000673318131,0.0000016794672194564766,0.0000017018827593629786,0.0000018737352319794934,0.0000016769766039113098,2490.61554516688
1740542185,0.000000000655033716,0.000000000664033716,0.000000000733033716,0.000000000654033716,0.0000016316351892576478,0.0000016540534500961764,0.0000018259267831915641,0.0000016291442713867,2490.91787094765
1740542198,0.000000000633971339,0.000000000638937623,0.000000000702831385,0.000000000632971339,0.0000015791705379837108,0.0000015915411435515125,0.0000017506952571593882,0.0000015766796201127632,2490.91787094765
1740542210,0.000000000713026338,0.000000000717992622,0.000000000791026338,0.000000000712026338,0.0000017754744389181719,0.0000017878407567222812,0.0000019696986896296756,0.0000017729843844218706,2490.05449630133
1740542222,0.000000000669773404,0.000000000674739688,0.000000000768773404,0.000000000668773404,0.0000016674752981832798,0.0000016798394139339298,0.0000019139467966546416,0.0000016649856870876097,2489.61109567032
1740542234,0.000000000650017055,0.000000000655983339,0.000000000750017055,0.000000000650017055,0.0000016185778904752989,0.0000016334342627757095,0.0000018675833401054317,0.0000016185778904752989,2490.05449630133
1740542246,0.000000000650017055,0.000000000655983339,0.000000000750017055,0.000000000650017055,0.0000016182896725029447,0.000001633143399349265,0.0000018672507820699766,0.0000016182896725029447,2489.61109567032
1740542258,0.00000000065650364,0.00000000066750364,0.00000000075650364,0.00000000065650364,0.0000016335364380370727,0.0000016609070415243704,0.0000018823601061034175,0.0000016335364380370727,2488.23668066345
1740542269,0.000000000596656709,0.000000000602265015,0.000000000662491516,0.000000000596656709,0.0000014854431630325373,0.0000014994056638780516,0.0000016493462290210514,0.0000014854431630325373,2489.61109567032
1740542282,0.000000000671180292,0.000000000676788598,0.000000000771180292,0.000000000671180292,0.0000016701400231114356,0.0000016840955227351583,0.0000019189762960202705,0.0000016701400231114356,2488.36272908835
1740542294,0.000000000665850916,0.000000000671459222,0.000000000765850916,0.000000000665850916,0.0000016568786025037378,0.0000016708341021274602,0.0000019057148754125727,0.0000016568786025037378,2488.36272908835
1740542306,0.000000000664743251,0.0000000006696613,0.000000000764052994,0.000000000664052994,0.0000016540385403616706,0.0000016662758102807708,0.000001901144685641531,0.0000016523210175751857,2488.23668066345
1740542318,0.000000000629037757,0.000000000634646063,0.000000000729037757,0.000000000629037757,0.0000015655881258385926,0.0000015795464251329692,0.0000018144743188240785,0.0000015655881258385926,2488.86192985486
1740542330,0.00000000066908593,0.00000000068008593,0.000000000748494432,0.00000000066908593,0.0000016649284907694167,0.0000016923004807893887,0.0000018625256475189546,0.0000016649284907694167,2488.36272908835
1740542342,0.000000000752678171,0.000000000763678171,0.000000000840445897,0.000000000752678171,0.0000018725628860252781,0.000001899929418681475,0.0000020909172805470187,0.0000018725628860252781,2487.86660510881
1740542354,0.000000000763648016,0.000000000774648016,0.000000000852512727,0.000000000763648016,0.0000019006144748315952,0.0000019279919560599988,0.0000021217864709470498,0.0000019006144748315952,2488.86192985486
1740542366,0.000000000739369419,0.000000000750369419,0.000000000750732973,0.000000000739369419,0.000001839452486368803,0.000001866819019025,0.0000018677234928807538,0.000001839452486368803,2487.86660510881
1740542378,0.000000000729448971,0.000000000740812525,0.000000000814893777,0.000000000729448971,0.0000018154977736937019,0.000001843780090632152,0.000002028158098450936,0.0000018154977736937019,2488.86192985486
1740542390,0.000000000812718519,0.000000000840432582,0.000000000971596502,0.000000000812718519,0.00000202193526277359,0.0000020908841546031714,0.0000024172024909663353,0.00000202193526277359,2487.86660510881
1740542402,0.000000000803390097,0.000000000813390097,0.000000000873941126,0.000000000803390097,0.000001999418303190728,0.000002024305569173429,0.000002175000525598356,0.000001999418303190728,2488.72659827014
1740542414,0.000000000755160235,0.000000000765160235,0.000000000825711264,0.000000000755160235,0.0000018793873628004297,0.0000019042746287831309,0.000002054969585208058,0.0000018793873628004297,2488.72659827014
1740542426,0.000000000721783979,0.00000000073006106,0.000000000792335002,0.000000000721783973,0.000001796322986742556,0.0000018169223783832928,0.000001971905194217825,0.0000017963229718101966,2488.72659827014
