TimeStamp,SafeGasPrice,ProposedGasPrice,FastGasPrice,BaseFee,SafeGasPriceUSD,ProposedGasPriceUSD,FastGasPriceUSD,BaseFeeUSD,POL_USD
1740538344,0.00000003549,0.00000003834,0.00000003884,0.000000006623723974,9.855703446737225e-9,1.0647158922172588e-8,1.0786010759968268e-8,1.8394324936823834e-9,0.277703675591356
1740538356,0.00000003559,0.00000003673,0.00000003821,0.000000006728166896,9.883473814296361e-9,1.0200056004470506e-8,1.0611057444345713e-8,1.8684366770112847e-9,0.277703675591356
1740538368,0.00000003572,0.00000003686,0.00000003786,0.000000006859039569,9.919575292123236e-9,1.0236157482297382e-8,1.0513861157888739e-8,1.9047804993378505e-9,0.277703675591356
1740538380,0.00000003539,0.00000003653,0.00000003672,0.00000000652500142,9.82793307917809e-9,1.0144515269352234e-8,1.0197278967714593e-8,1.8120168775728172e-9,0.277703675591356
1740538393,0.00000003605,0.00000003895,0.00000003945,0.00000000716952296,1.002259168675251e-8,1.0828847328682668e-8,1.0967856922118902e-8,1.993264943602697e-9,0.278019186872469
1740538404,0.00000003643,0.00000003946,0.00000004287,0.000000006951177855,1.0128238977764047e-8,1.0970637113987627e-8,1.1918682541222746e-8,1.9325608150530134e-9,0.278019186872469
1740538416,0.00000003612,0.00000003664,0.00000003714,0.000000006641790051,1.0042053029833581e-8,1.0186623007007265e-8,1.0325632600443499e-8,1.8465450693566745e-9,0.278019186872469
1740538428,0.00000003634,0.00000003923,0.00000003973,0.000000006863371337,1.0103217250945524e-8,1.090669270100696e-8,1.1045702294443194e-8,1.9081489183165506e-9,0.278019186872469
1740538440,0.00000003367,0.0000000362,0.00000003871,0.000000006195689903,9.360906021996033e-9,1.0064294564783379e-8,1.0762122723833275e-8,1.7225206689460264e-9,0.278019186872469
1740538452,0.0000000332,0.00000003573,0.00000003623,0.000000005727115032,9.230237004165971e-9,9.933625546953319e-9,1.0072635140389553e-8,1.5922478643217343e-9,0.278019186872469
1740538464,0.00000003547,0.0000000449,0.00000005578,0.000000008003977934,9.855057181333807e-9,1.247510762452461e-8,1.549802902663659e-8,2.2238415623824083e-9,0.277842040635292
1740538476,0.00000003565,0.00000003818,0.00000006727,0.000000008184250323,9.90506874864816e-9,1.0608009111455448e-8,1.8690434073536095e-8,2.2739288108123676e-9,0.277842040635292
1740538488,0.0000000356,0.00000004328,0.00000004854,0.000000008128949686,9.891176646616396e-9,1.2025003518695438e-8,1.3486452652437075e-8,2.258563968979856e-9,0.277842040635292
1740538500,0.00000003603,0.00000004499,0.00000005134,0.000000008560917291,1.001064872408957e-8,1.2500113408181787e-8,1.4264410366215892e-8,2.378582729841396e-9,0.277842040635292
1740538512,0.00000003578,0.0000000414,0.00000004593,0.00000000831056567,9.941188213930747e-9,1.150266048230109e-8,1.2761284926378963e-8,2.309024524586403e-9,0.277842040635292
1740538526,0.00000003636,0.00000003847,0.00000004511,0.000000008332577656,1.0132073744055052e-8,1.072004612029147e-8,1.2570347816125505e-8,2.321955205958674e-9,0.278659893950909
1740538536,0.00000003716,0.00000004195,0.00000004858,0.000000009126526434,1.035500165921578e-8,1.1689782551240634e-8,1.353729764813516e-8,2.5431968882386075e-9,0.278659893950909
1740538548,0.00000003826,0.00000004023,0.00000004123,0.000000010228129648,1.0661527542561779e-8,1.1210487533645069e-8,1.1489147427595978e-8,2.8501695230278283e-9,0.278659893950909
1740538560,0.00000004079,0.00000004079,0.00000004179,0.000000010793068738,1.136653707425758e-8,1.136653707425758e-8,1.1645196968208487e-8,3.0075953899359516e-9,0.278659893950909
1740538572,0.00000004048,0.00000004656,0.00000005119,0.000000011048981753,1.1280152507132798e-8,1.2974404662354325e-8,1.4264599971347032e-8,3.0789080835565087e-9,0.278659893950909
1740538584,0.000000042,0.000000043,0.0000000435,0.000000012566309908,1.1720591851944612e-8,1.19996535627052e-8,1.2139184418085491e-8,3.506775940874182e-9,0.279061710760586
1740538596,0.00000004505,0.00000005155,0.00000005966,0.000000015612987399,1.25717300697644e-8,1.438563118970821e-8,1.6648821663976562e-8,4.356986973648412e-9,0.279061710760586
1740538608,0.00000004553,0.00000004854,0.00000005882,0.000000016091348816,1.270567969092948e-8,1.3545655440318845e-8,1.6414409826937668e-8,4.49047932903829e-9,0.279061710760586
1740538620,0.00000004528,0.00000004585,0.00000005013,0.000000015849300999,1.2635914263239333e-8,1.2794979438372867e-8,1.3989363560428176e-8,4.4229330511404044e-9,0.279061710760586
1740538632,0.00000004494,0.00000004702,0.00000004752,0.000000015502957804,1.2541033281580734e-8,1.3121481639962753e-8,1.3261012495343047e-8,4.326281926633417e-9,0.279061710760586
1740538644,0.00000004484,0.00000004823,0.00000005515,0.00000001540005949,1.2523926450695747e-8,1.3470762103413378e-8,1.540353576618801e-8,4.301275923039676e-9,0.27930255242408
1740538656,0.00000004417,0.0000000452,0.0000000457,0.000000014695868298,1.2336793740571611e-8,1.2624475369568414e-8,1.2764126645780455e-8,4.10459352571952e-9,0.27930255242408
1740538668,0.00000004361,0.00000004491,0.00000004984,0.000000014142385032,1.2180384311214128e-8,1.2543477629365433e-8,1.3920439212816147e-8,3.950004236801704e-9,0.27930255242408
1740538680,0.00000004255,0.00000004308,0.00000004358,0.000000013083055901,1.1884323605644602e-8,1.2032353958429365e-8,1.2172005234641404e-8,3.6541309066562214e-9,0.27930255242408
1740538692,0.00000004299,0.00000004712,0.00000004762,0.000000013517934492,1.2007216728711198e-8,1.316073627022265e-8,1.3300387546434688e-8,3.775593607117109e-9,0.27930255242408
1740538704,0.000000044,0.00000004488,0.00000004588,0.000000014879183579,1.229174564971905e-8,1.2537580562713432e-8,1.2816938418388864e-8,4.156616818830554e-9,0.279357855675433
1740538716,0.00000004348,0.00000004436,0.00000004536,0.000000014356103708,1.2146479564767827e-8,1.2392314477762207e-8,1.2671672333437639e-8,4.010490347721012e-9,0.279357855675433
1740538728,0.00000004261,0.00000004868,0.00000004969,0.00000001439683529,1.19034382303302e-8,1.3599140414280079e-8,1.3881291848512264e-8,4.0218690351268e-9,0.279357855675433
1740538740,0.00000004221,0.00000004505,0.00000005449,0.000000013998109612,1.1791695088060026e-8,1.2585071398178257e-8,1.5222209555754344e-8,3.910481884717987e-9,0.279357855675433
1740538752,0.00000004132,0.0000000472,0.0000000477,0.00000001310838982,1.1543066596508892e-8,1.3185690787880436e-8,1.3325369715718153e-8,3.661931671472875e-9,0.279357855675433
1740538764,0.00000004111,0.0000000429,0.0000000434,0.000000012900692284,1.148928798754921e-8,1.1989551317583583e-8,1.212928967792838e-8,3.6054431741578686e-9,0.279476720689594
1740538776,0.0000000409,0.00000004568,0.00000004618,0.000000012683029315,1.1430597876204395e-8,1.2766496601100654e-8,1.2906234961445451e-8,3.5446114413661877e-9,0.279476720689594
1740538788,0.00000004015,0.00000004595,0.00000004645,0.000000011934854886,1.1220990335687199e-8,1.2841955315686844e-8,1.2981693676031643e-8,3.3355141054454585e-9,0.279476720689594
1740538800,0.00000003996,0.00000004211,0.00000004462,0.000000011744734188,1.1167889758756177e-8,1.1768764708238804e-8,1.2470251277169684e-8,3.2823797962332014e-9,0.279476720689594
1740538812,0.00000003917,0.00000004142,0.00000004194,0.000000011419155601,1.0947103149411397e-8,1.1575925770962984e-8,1.1721253665721572e-8,3.19138816041169e-9,0.279476720689594
1740538824,0.00000003899,0.00000004124,0.00000004277,0.000000011242506419,1.0896198651935862e-8,1.1524986724950884e-8,1.1952562614601098e-8,3.141846198694231e-9,0.279461365784454
1740538837,0.00000003996,0.00000004288,0.00000004641,0.000000012217370106,1.1167276176746784e-8,1.1983303364837387e-8,1.296980198605651e-8,3.4142829361169195e-9,0.279461365784454
1740538848,0.0000000388,0.00000004105,0.00000004155,0.000000011048661747,1.0843100992436815e-8,1.1471889065451838e-8,1.1611619748344064e-8,3.087674101907072e-9,0.279461365784454
1740538860,0.00000003874,0.00000004264,0.00000004314,0.000000010987887621,1.082633331048975e-8,1.191623263704912e-8,1.2055963319941346e-8,3.070690081650755e-9,0.279461365784454
1740538872,0.00000003872,0.00000004097,0.00000004147,0.000000010974790277,1.0820744083174059e-8,1.1449532156189082e-8,1.1589262839081308e-8,3.0670298800083663e-9,0.279461365784454
1740538884,0.00000003909,0.00000004161,0.00000004272,0.000000011344126804,1.0936344707858352e-8,1.1641373837144691e-8,1.1951922382187485e-8,3.173785652038871e-9,0.279773464002516
1740538896,0.00000003907,0.00000004384,0.00000004912,0.00000001125472195,1.09307492385783e-8,1.2265268661870303e-8,1.3742472551803587e-8,3.148772546336652e-9,0.279773464002516
1740538909,0.00000003955,0.00000004362,0.00000004887,0.000000011740820499,1.1065040501299509e-8,1.220371849978975e-8,1.3672529185802958e-8,3.2847700212369784e-9,0.279773464002516
1740538920,0.0000000363,0.00000004145,0.00000004195,0.000000011302928276,1.0155776743291331e-8,1.1596610082904289e-8,1.1736496814905548e-8,3.1622593971485066e-9,0.279773464002516
1740538932,0.00000003664,0.00000003664,0.00000004236,0.000000011635063423,1.0250899721052188e-8,1.0250899721052188e-8,1.1851203935146577e-8,3.2551819977416813e-9,0.279773464002516
1740538944,0.00000003627,0.00000004127,0.00000004374,0.000000011273724886,1.0144685788669556e-8,1.1543181210322376e-8,1.223403794861887e-8,3.1532505276088923e-9,0.279699084330564
1740538957,0.00000003616,0.00000004167,0.00000004909,0.000000011157223809,1.0113918889393195e-8,1.1655060844054602e-8,1.3730428049787386e-8,3.1206652830484677e-9,0.279699084330564
1740538968,0.00000003595,0.00000004095,0.00000004441,0.000000010947754663,1.0055182081683776e-8,1.1453677503336596e-8,1.2421436335120348e-8,3.0620769547167626e-9,0.279699084330564
1740538980,0.00000003605,0.00000004105,0.00000004451,0.000000011045512993,1.0083151990116833e-8,1.1481647411769652e-8,1.2449406243553403e-8,3.089419870103447e-9,0.279699084330564
1740538992,0.00000003615,0.0000000415,0.00000004476,0.000000011151527065,1.0111121898549889e-8,1.1607511999718407e-8,1.2519331014636045e-8,3.119071908968002e-9,0.279699084330564
1740539005,0.00000003683,0.00000004183,0.000000046,0.000000011832627961,1.0314973464736743e-8,1.1715322835458538e-8,1.2883214210640515e-8,3.3139626238342937e-9,0.280069874144359
1740539016,0.00000003661,0.00000004393,0.00000005094,0.000000011609590602,1.0253358092424984e-8,1.2303469571161691e-8,1.4266759388913648e-8,3.2514965787696733e-9,0.280069874144359
1740539028,0.00000003571,0.00000004101,0.00000004151,0.000000010706705883,1.000129520569506e-8,1.1485665538660164e-8,1.1625700475732342e-8,2.998625769152478e-9,0.280069874144359
1740539040,0.00000003533,0.00000004083,0.00000004133,0.000000010331794171,9.894868653520203e-9,1.143525296131418e-8,1.1575287898386358e-8,2.8936242931573923e-9,0.280069874144359
1740539052,0.00000003525,0.00000004075,0.00000004362,0.000000010253838787,9.872463063588655e-9,1.141284737138263e-8,1.2216647910176942e-8,2.8717913385716368e-9,0.280069874144359
1740539064,0.00000003585,0.00000003985,0.00000004673,0.000000009472670057,1.0036372296234327e-8,1.1156190683540807e-8,1.3082278309707952e-8,2.6519175266790308e-9,0.27995459682662
1740539076,0.00000003509,0.00000003987,0.00000004037,0.000000008713412075,9.823606802646096e-9,1.1161789775477339e-8,1.1301767073890649e-8,2.4393597644408274e-9,0.27995459682662
1740539088,0.00000003459,0.00000003937,0.00000003987,0.000000008210071841,9.683629504232786e-9,1.102181247706403e-8,1.1161789775477339e-8,2.298447352164741e-9,0.27995459682662
1740539100,0.00000003429,0.00000003859,0.00000003909,0.00000000790732507,9.5996431251848e-9,1.0803447891539266e-8,1.0943425189952575e-8,2.213692001948875e-9,0.27995459682662
1740539112,0.00000003427,0.00000003884,0.00000004671,0.000000007888035944,9.594044033248267e-9,1.0873436540745922e-8,1.307667921777142e-8,2.208291922456407e-9,0.27995459682662
1740539124,0.00000003789,0.00000003789,0.00000003831,0.000000007886133234,1.0607479673760631e-8,1.0607479673760631e-8,1.0725060604427811e-8,2.207759250045479e-9,0.27995459682662
1740539136,0.00000003784,0.00000003821,0.0000000463,0.00000000790846992,1.0598437064578954e-8,1.070206871663747e-8,1.2967960784619597e-8,2.215048116391008e-9,0.280085546104095
1740539148,0.0000000342,0.00000003772,0.00000004061,0.000000007715645718,9.578925676760048e-9,1.0564826799046463e-8,1.1374274027287297e-8,2.161040844471752e-9,0.280085546104095
1740539160,0.00000003437,0.00000004103,0.00000004153,0.000000007885680049,9.626540219597745e-9,1.1491909956651017e-8,1.1631952729703064e-8,2.2086650029263314e-9,0.280085546104095
1740539172,0.00000003479,0.00000003871,0.00000004324,0.000000008307455888,9.744176148961465e-9,1.0842111489689516e-8,1.2110899013541067e-8,2.3267983191261596e-9,0.280085546104095
1740539184,0.00000003441,0.00000003792,0.00000003892,0.000000007920929865,9.637743641441909e-9,1.0620843908267281e-8,1.0900929454371376e-8,2.2185379668907604e-9,0.280085546104095
1740539196,0.00000003403,0.00000003754,0.00000003854,0.000000007539570126,9.537806682279608e-9,1.0521576927792432e-8,1.080185335101546e-8,2.1131637475544667e-9,0.280276423223027
1740539208,0.0000000335,0.00000003754,0.00000003804,0.000000007015419846,9.389260177971405e-9,1.0521576927792432e-8,1.0661715139403946e-8,1.966256781844719e-9,0.280276423223027
1740539220,0.00000003334,0.00000003713,0.00000003763,0.000000006849002255,9.34441595025572e-9,1.0406663594270992e-8,1.0546801805882505e-8,1.919613854677846e-9,0.280276423223027
1740539232,0.00000003295,0.00000003646,0.00000003696,0.000000006461794154,9.23510814519874e-9,1.0218878390711562e-8,1.0359016602323078e-8,1.8110885530865855e-9,0.280276423223027
1740539244,0.00000003676,0.00000003745,0.00000003795,0.000000006783297484,1.0302961317678472e-8,1.0496352049702361e-8,1.0636490261313874e-8,1.901198356473278e-9,0.280276423223027
1740539257,0.00000003606,0.00000003608,0.00000003708,0.00000000607681271,1.0098922898086386e-8,1.0104524075511836e-8,1.0384582946784337e-8,1.701865308496988e-9,0.280058871272501
1740539268,0.00000003539,0.00000003541,0.00000003591,0.000000005414099676,9.911283454333811e-9,9.91688463175926e-9,1.0056914067395513e-8,1.5162666442173734e-9,0.280058871272501
1740539280,0.0000000352,0.00000003616,0.0000000408,0.000000005195837509,9.858072268792035e-9,1.0126928785213636e-8,1.1426401947918042e-8,1.4551403880858632e-9,0.280058871272501
1740539292,0.00000003494,0.00000003494,0.00000003544,0.000000004935821136,9.785256962261185e-9,9.785256962261185e-9,9.925286397897436e-9,1.3823204961511137e-9,0.280058871272501
1740539316,0.00000003458,0.00000003882,0.00000004208,0.000000004576154589,9.668032899268825e-9,1.0853471288305834e-8,1.1764916842140893e-8,1.279422010369925e-9,0.279584525716276
1740539320,0.00000003458,0.00000003882,0.00000004208,0.000000004576154589,9.668032899268825e-9,1.0853471288305834e-8,1.1764916842140893e-8,1.279422010369925e-9,0.279584525716276
1740539328,0.00000003114,0.0000000343,0.0000000348,0.000000004301205278,8.706262130804834e-9,9.589749232068268e-9,9.729541494926405e-9,1.2025504376579732e-9,0.279584525716276
1740539340,0.00000003059,0.0000000353,0.0000000358,0.00000000409251462,8.552490641660882e-9,9.869333757784542e-9,1.0009126020642682e-8,1.1442037590196256e-9,0.279584525716276
1740539352,0.00000003018,0.00000003398,0.00000003448,0.00000000368457372,8.43786098611721e-9,9.500282183839058e-9,9.640074446697197e-9,1.0301497959728548e-9,0.279584525716276
1740539364,0.00000002999,0.00000003375,0.00000003425,0.000000003493596544,8.384739926231117e-9,9.435977742924317e-9,9.575770005782453e-9,9.76755532798261e-10,0.279584525716276
1740539376,0.00000002999,0.00000003375,0.00000003425,0.000000003493596544,8.385508791650216e-9,9.436843004941473e-9,9.576648086496161e-9,9.768450995061958e-10,0.279610163109377
1740539388,0.00000003002,0.00000003399,0.00000003449,0.000000003517823949,8.393897096543498e-9,9.503949444087723e-9,9.643754525642412e-9,9.836193281699626e-10,0.279610163109377
1740539400,0.00000002995,0.00000003392,0.00000003487,0.00000000345074938,8.37432438512584e-9,9.484376732670067e-9,9.750006387623975e-9,9.648645969913815e-10,0.279610163109377
1740539412,0.0000000299,0.00000003369,0.00000003419,0.000000003404704942,8.360343876970372e-9,9.42006639515491e-9,9.559871476709598e-9,9.519901041719218e-10,0.279610163109377
1740539424,0.00000003198,0.00000003374,0.00000003941,0.000000003229356716,8.941933016237875e-9,9.43404690331038e-9,1.1019436528140547e-8,9.02960958099122e-10,0.279610163109377
1740539436,0.00000003144,0.00000003325,0.00000003375,0.000000003063148316,8.79888544394666e-9,9.305437055064454e-9,9.445368439351137e-9,8.572611682666069e-10,0.279862768573367
1740539448,0.00000003119,0.00000003309,0.00000003359,0.000000002814584614,8.728919751803317e-9,9.260659012092714e-9,9.400590396379397e-9,7.876974424580415e-10,0.279862768573367
1740539460,0.00000003115,0.00000003277,0.00000003779,0.000000002766087077,8.717725241060381e-9,9.171102926149237e-9,1.057601402438754e-8,7.741247874842323e-10,0.279862768573367
1740539472,0.00000003113,0.00000003325,0.00000003375,0.000000002745907581,8.712127985688915e-9,9.305437055064454e-9,9.445368439351137e-9,7.684772978652569e-10,0.279862768573367
1740539484,0.00000003155,0.00000003334,0.00000003434,0.000000003175289776,8.829670348489729e-9,9.330624704236055e-9,9.610487472809423e-9,8.886453877340664e-10,0.279862768573367
1740539496,0.00000003148,0.00000003383,0.00000004154,0.000000003103461218,8.826489515699426e-9,9.485392004959071e-9,1.1647152937806676e-8,8.701609880259458e-10,0.280384037982828
1740539508,0.00000003133,0.00000003295,0.00000003295,0.000000002950611233,8.784431910002003e-9,9.238654051534184e-9,9.238654051534184e-9,8.27304292026031e-10,0.280384037982828
1740539520,0.00000003306,0.00000003317,0.00000003367,0.000000003059441827,9.269496295712294e-9,9.300338539890405e-9,9.44053055888182e-9,8.578186534278208e-10,0.280384037982828
1740539532,0.00000003317,0.00000003335,0.00000003717,0.000000003173239838,9.300338539890405e-9,9.350807666727314e-9,1.0421874691821717e-8,8.89725799266415e-10,0.280384037982828
1740539544,0.00000003098,0.00000003359,0.00000003409,0.000000003227272488,8.686297496708011e-9,9.418099835843193e-9,9.558291854834607e-9,9.048756918563278e-10,0.280384037982828
1740539556,0.00000003168,0.00000003421,0.00000003969,0.0000000039259536,8.892519175155625e-9,9.602685637060414e-9,1.1140911807510312e-8,1.102008133483941e-9,0.280698206286478
1740539568,0.00000003196,0.00000003448,0.00000004188,0.00000000419856428,8.971114672915839e-9,9.678474152757763e-9,1.17556408792777e-8,1.178529462374478e-9,0.280698206286478
1740539582,0.00000003197,0.0000000353,0.00000003926,0.000000004213745366,8.973921654978703e-9,9.908646681912673e-9,1.1020211578807128e-8,1.1827907659841588e-9,0.280698206286478
1740539592,0.00000003204,0.00000003491,0.0000000364,0.000000004282774903,8.993570529418756e-9,9.799174381460947e-9,1.02174147088278e-8,1.202167233200845e-9,0.280698206286478
1740539604,0.00000003173,0.00000003397,0.00000003447,0.000000003968931996,8.906554085469947e-9,9.535318067551658e-9,9.675667170694897e-9,1.114072092150211e-9,0.280698206286478
1740539616,0.00000003173,0.00000003397,0.00000003447,0.000000003970049041,8.893916068967333e-9,9.521787862049175e-9,9.661937815862084e-9,1.1128043794622834e-9,0.280299907625822
1740539628,0.0000000336,0.0000000338,0.00000003519,0.000000003804740259,9.418076896227621e-9,9.474136877752784e-9,9.863753749352677e-9,1.066468343137946e-9,0.280299907625822
1740539640,0.00000003179,0.00000003381,0.00000003431,0.000000003584830461,8.910734063424883e-9,9.476939876829043e-9,9.617089830641954e-9,1.004827647072533e-9,0.280299907625822
1740539652,0.00000003177,0.00000003379,0.00000003449,0.000000003562037815,8.905128065272366e-9,9.471333878676526e-9,9.667543814014601e-9,9.98438870504185e-10,0.280299907625822
1740539664,0.00000002937,0.00000003351,0.0000000371,0.000000003373816456,8.232408286970393e-9,9.392849904541296e-9,1.0399126572917998e-8,9.456804409632782e-10,0.280299907625822
1740539676,0.00000002912,0.00000003312,0.00000003362,0.00000000312160625,8.162784512179665e-9,9.284046120995553e-9,9.424203822097539e-9,8.750343114911828e-10,0.280315402203972
1740539688,0.0000000292,0.00000003345,0.00000003395,0.000000003195820107,8.185209744355983e-9,9.376550203722863e-9,9.51670790482485e-9,8.958375986652459e-10,0.280315402203972
1740539700,0.00000002924,0.00000003324,0.00000003336,0.000000003238381418,8.19642236044414e-9,9.31768396926003e-9,9.351321817524507e-9,9.077681896765391e-10,0.280315402203972
1740539712,0.00000002913,0.00000003313,0.0000000342,0.000000003131647546,8.165587666201704e-9,9.286849275017593e-9,9.586786755375843e-9,8.778490414180719e-10,0.280315402203972
1740539724,0.00000002926,0.00000003326,0.00000003327,0.000000003258794022,8.202028668488221e-9,9.32329027730411e-9,9.326093431326149e-9,9.134901569768296e-10,0.280315402203972
1740539736,0.00000002902,0.00000003302,0.0000000387,0.000000003019443746,8.134752971959267e-9,9.256014580775156e-9,1.0848206065293717e-8,8.463965880922578e-10,0.280315402203972
1740539748,0.00000002915,0.00000003315,0.00000003438,0.000000003146841325,8.174887511441216e-9,9.296655952119257e-9,9.641599747627754e-9,8.825068215516167e-10,0.28044211016951
1740539760,0.00000002904,0.00000003366,0.00000003958,0.00000000304118762,8.14403887932257e-9,9.439681428305705e-9,1.1099898720509205e-8,8.528770735741899e-10,0.28044211016951
1740539772,0,0,0,0,0,0,0,0,0.28044211016951
1740539784,0.0000000291,0.0000000331,0.0000000336,0.000000003102487573,8.16086540593274e-9,9.28263384661078e-9,9.422854901695536e-9,8.700681617468016e-10,0.28044211016951
1740539796,0.00000002918,0.00000003321,0.00000004071,0.000000003175498205,8.183300774746301e-9,9.313482478729426e-9,1.1416798305000751e-8,8.905434174496912e-10,0.28044211016951
1740539808,0.0000000292,0.0000000332,0.00000003492,0.000000003199267795,8.197983073364609e-9,9.320994453277568e-9,9.80388934664014e-9,8.982035352935107e-10,0.28075284497824
1740539820,0.00000002908,0.00000003338,0.00000003941,0.000000003084438658,8.164292731967219e-9,9.37152996537365e-9,1.1064469620592438e-8,8.659649283943646e-10,0.28075284497824
1740539832,0.00000002891,0.00000003291,0.00000003411,0.000000002905555928,8.116564748320918e-9,9.239576128233879e-9,9.576479542207766e-9,8.157430930293902e-10,0.28075284497824
1740539844,0.00000002879,0.00000003304,0.00000003354,0.000000002792575502,8.082874406923528e-9,9.276073998081049e-9,9.41645042057017e-9,7.840235170030368e-10,0.28075284497824
1740539856,0.00000002905,0.0000000331,0.0000000336,0.000000003053075214,8.155870146617871e-9,9.292919168779744e-9,9.433295591268865e-9,8.571595522630489e-10,0.28075284497824
1740539868,0.00000002856,0.00000003045,0.0000000349,0.000000002879321207,8.01172983760577e-9,8.541917841564975e-9,9.790244094273158e-9,8.077151129612382e-10,0.280522753417569
1740539880,0.00000002846,0.00000003278,0.00000003328,0.000000002780138428,7.983677562264014e-9,9.195535857027912e-9,9.335797233736695e-9,7.798920867045518e-10,0.280522753417569
1740539893,0.00000002853,0.00000003285,0.00000003335,0.00000000285017539,8.003314155003244e-9,9.215172449767142e-9,9.355433826475925e-9,7.995390481257935e-10,0.280522753417569
1740539904,0.00000002871,0.0000000291,0.0000000341,0.000000003102370647,8.053808250618407e-9,8.163212124451257e-9,9.565825891539102e-9,8.70285556018285e-10,0.280522753417569
1740539916,0.00000002869,0.00000002908,0.00000003408,0.000000003083015874,8.048197795550055e-9,8.157601669382907e-9,9.56021543647075e-9,8.64856101804553e-10,0.280522753417569
1740539928,0.00000002873,0.00000003312,0.00000003362,0.000000003117062931,8.056892323711565e-9,9.288001175124506e-9,9.428218584169259e-9,8.741329760285336e-10,0.280434818089508
1740539940,0.000000029,0.00000003339,0.00000003369,0.000000003390165726,8.132609724595733e-9,9.363718576008672e-9,9.447849021435523e-9,9.507205086640948e-10,0.280434818089508
1740539952,0.00000002889,0.00000003328,0.00000003433,0.000000003281339594,8.101761894605886e-9,9.332870746018825e-9,9.627327305012808e-9,9.2020187213329e-10,0.280434818089508
1740539964,0.00000002888,0.00000003327,0.00000003377,0.00000000327113402,8.09895754642499e-9,9.330066397837931e-9,9.470283806882685e-9,9.17339873845101e-10,0.280434818089508
1740539976,0.00000002892,0.00000003343,0.00000003393,0.000000003307294616,8.110174939148571e-9,9.374935968732253e-9,9.515153377777006e-9,9.274805640063693e-10,0.280434818089508
1740539989,0.00000002883,0.00000003322,0.00000003372,0.000000003222442959,8.096852580987722e-9,9.329776022907116e-9,9.47020010513028e-9,9.050171900681534e-10,0.280848164446331
1740540000,0.0000000295,0.0000000335,0.0000000345,0.000000003503673564,8.285020851166763e-9,9.408413508952088e-9,9.689261673398418e-9,9.840002892685345e-10,0.280848164446331
1740540012,0.00000003292,0.00000003349,0.00000003935,0.000000003346822548,9.245521573573216e-9,9.405605027307624e-9,1.1051375270963123e-8,9.399489693333925e-10,0.280848164446331
1740540024,0.00000003304,0.00000003347,0.00000003447,0.000000003466076905,9.279223353306774e-9,9.399988064018698e-9,9.680836228465028e-9,9.7344133659907e-10,0.280848164446331
1740540036,0.00000003341,0.00000003358,0.00000003697,0.0000000034680329,9.383137174151917e-9,9.430881362107795e-9,1.0382956639580856e-8,9.739906742044862e-10,0.280848164446331
1740540050,0.00000003301,0.00000003308,0.00000003358,0.000000003070983596,9.269311534978418e-9,9.288967754531537e-9,9.429369322768108e-9,8.623418258143682e-10,0.280803136473142
1740540060,0.00000003299,0.00000003305,0.00000003355,0.000000003044911125,9.263695472248954e-9,9.280543660437343e-9,9.420945228673913e-9,8.550205941819632e-10,0.280803136473142
1740540072,0.00000003284,0.00000003303,0.00000003353,0.00000000289935681,9.221575001777983e-9,9.27492759770788e-9,9.41532916594445e-9,8.141484860027636e-10,0.280803136473142
1740540084,0.00000003295,0.00000003328,0.00000003469,0.000000003176857807,9.252463346790028e-9,9.345128381826165e-9,9.741060804253295e-9,8.920716363347876e-10,0.280803136473142
1740540097,0.00000003292,0.00000003315,0.00000003457,0.000000003149696088,9.244039252695835e-9,9.308623974084656e-9,9.707364427876517e-9,8.844445404475853e-10,0.280803136473142
1740540108,0.00000002983,0.00000003329,0.00000003399,0.000000003288847795,8.369363094323224e-9,9.340130654040232e-9,9.536528715254655e-9,9.227476150961888e-10,0.280568658877748
1740540120,0.00000002954,0.0000000336,0.00000003681,0.000000002999398548,8.287998183248677e-9,9.427106938292335e-9,1.0327732333289904e-8,8.415372280522246e-10,0.280568658877748
1740540133,0.00000002962,0.00000003308,0.00000003358,0.000000003084557626,8.310443675958896e-9,9.281211235675904e-9,9.421495565114779e-9,8.654301963579503e-10,0.280568658877748
1740540144,0.00000002963,0.00000003314,0.00000003748,0.000000003095295287,8.313249362547674e-9,9.298045355208568e-9,1.0515713334737997e-8,8.684428475042042e-10,0.280568658877748
1740540157,0.00000002942,0.00000003288,0.00000003338,0.000000002880963116,8.254329944183346e-9,9.225097503900355e-9,9.365381833339227e-9,8.08307957732378e-10,0.280568658877748
1740540168,0.00000002938,0.00000003315,0.00000003365,0.000000002840953618,8.235622448979055e-9,9.292405860573713e-9,9.432562811713588e-9,7.963587948573542e-10,0.28031390227975
1740540180,0.00000002936,0.00000003282,0.00000003621,0.000000002815718732,8.23001617093346e-9,9.199902272821394e-9,1.0150166401549748e-8,7.892851054891096e-10,0.28031390227975
1740540192,0.00000003157,0.00000003259,0.00000003309,0.000000002587480583,8.849509894971707e-9,9.135430075297054e-9,9.275587026436928e-9,7.253067792938125e-10,0.28031390227975
1740540205,0.00000003141,0.00000003253,0.00000003409,0.000000002431882673,8.804659670606948e-9,9.118611241160268e-9,9.555900928716678e-9,6.816905219551392e-10,0.28031390227975
1740540216,0.00000003137,0.00000003253,0.00000003303,0.000000002390076421,8.793447114515759e-9,9.118611241160268e-9,9.258768192300142e-9,6.699716483173286e-10,0.28031390227975
1740540228,0.00000003116,0.00000003219,0.00000003269,0.000000002175797317,8.7391159260571e-9,9.027989141841399e-9,9.168218858241545e-9,6.102228814142171e-10,0.280459432800292
1740540240,0.00000003197,0.00000003211,0.00000003261,0.000000001969209648,8.966288066625335e-9,9.005552387217377e-9,9.145782103617522e-9,5.522834209429427e-10,0.280459432800292
1740540252,0.00000003176,0.00000003176,0.00000003226,0.000000001758293958,8.907391585737274e-9,8.907391585737274e-9,9.04762130213742e-9,4.931301261568604e-10,0.280459432800292
1740540264,0.00000003175,0.00000003175,0.00000003225,0.000000001749367116,8.904586991409273e-9,8.904586991409273e-9,9.044816707809418e-9,4.906265091128426e-10,0.280459432800292
1740540276,0.00000003162,0.00000003196,0.00000003657,0.00000000161939658,8.868127265145234e-9,8.963483472297333e-9,1.025640145750668e-8,4.5417504630553273e-10,0.280459432800292
1740540288,0.00000003152,0.00000003152,0.00000003202,0.000000001518723828,8.840910544471537e-9,8.840910544471537e-9,8.981153414783584e-9,4.2598037770004364e-10,0.280485740624097
1740540312,0.00000003191,0.00000003191,0.00000003291,0.000000001907437764,8.950299983314934e-9,8.950299983314934e-9,9.230785723939032e-9,5.350090939299115e-10,0.280485740624097
1740540324,0.00000003199,0.00000003199,0.00000003299,0.000000001990275035,8.972738842564861e-9,8.972738842564861e-9,9.25322458318896e-9,5.582437672376256e-10,0.280485740624097
1740540324,0.00000003199,0.00000003199,0.00000003299,0.000000001990275035,8.972738842564861e-9,8.972738842564861e-9,9.25322458318896e-9,5.582437672376256e-10,0.280485740624097
1740540336,0.00000003194,0.0000000322,0.00000003704,0.000000002195046474,8.958714555533658e-9,9.031640848095921e-9,1.0389191832716553e-8,6.156792359642027e-10,0.280485740624097
1740540349,0.00000003191,0.0000000328,0.00000003823,0.000000002165227696,8.948496503429724e-9,9.19807851182999e-9,1.0720809192294527e-8,6.07193120237706e-10,0.280429222921646
1740540361,0.00000002808,0.00000003241,0.00000003291,0.000000002081045491,7.87445257963982e-9,9.088711114890546e-9,9.228925726351371e-9,5.835859699057253e-10,0.280429222921646
1740540373,0.00000002819,0.00000002819,0.00000003227,0.00000000219336517,7.905299794161202e-9,7.905299794161202e-9,9.049451023681516e-9,6.15083690206504e-10,0.280429222921646
1740540384,0.00000002821,0.00000002821,0.00000003321,0.000000002209782424,7.910908378619634e-9,7.910908378619634e-9,9.313054493227864e-9,6.196875679882313e-10,0.280429222921646
1740540397,0.0000000286,0.00000003256,0.0000000336,0.000000002602221549,8.020275775559076e-9,9.130775498328794e-9,9.422421890167308e-9,7.29738966856032e-10,0.280429222921646
1740540409,0.00000002868,0.00000003268,0.00000003508,0.000000002684662041,8.029117703984658e-9,9.148938862141513e-9,9.820831557035627e-9,7.515853390030922e-10,0.279955289539214
1740540420,0.00000002859,0.00000002911,0.0000000351,0.00000000258619431,8.003921727926129e-9,8.14949847848652e-9,9.826430662826412e-9,7.240187768607178e-10,0.279955289539214
1740540433,0.00000002863,0.00000003277,0.00000003327,0.000000002631051348,8.015119939507697e-9,9.174134838200043e-9,9.31411248296965e-9,7.365767419218793e-10,0.279955289539214
1740540445,0.00000002848,0.00000003248,0.00000003577,0.000000002475942607,7.973126646076816e-9,9.09294780423367e-9,1.0014000706817685e-8,6.931532294251613e-10,0.279955289539214
1740540456,0.00000002843,0.00000003243,0.00000003425,0.000000002433538158,7.959128881599854e-9,9.07895003975671e-9,9.588468666718079e-9,6.812818796276155e-10,0.279955289539214
1740540469,0.00000002919,0.00000003267,0.00000003367,0.000000002668414603,8.178468711633127e-9,9.15349684169422e-9,9.433677338838213e-9,7.476377300548282e-10,0.280180497143992
1740540480,0.00000002912,0.00000003097,0.00000003367,0.000000002599205751,8.158856076833048e-9,8.677189996549433e-9,9.433677338838213e-9,7.282467594947032e-10,0.280180497143992
1740540492,0.0000000308,0.00000003244,0.00000003477,0.000000002436169463,8.629559312034954e-9,9.0890553273511e-9,9.741875885696602e-9,6.825671712703521e-10,0.280180497143992
1740540505,0.00000003146,0.00000003317,0.00000003367,0.000000003088081291,8.814478440149988e-9,9.293587090266214e-9,9.433677338838213e-9,8.652201513334407e-10,0.280180497143992
1740540517,0.0000000314,0.00000003303,0.00000003403,0.000000003034520216,8.79766761032135e-9,9.254361820666056e-9,9.53454231781005e-9,8.50213382712374e-10,0.280180497143992
1740540528,0.0000000314,0.00000003303,0.00000003403,0.000000003032252847,8.79766761032135e-9,9.254361820666056e-9,9.53454231781005e-9,8.495781101387452e-10,0.280180497143992
1740540541,0.00000003149,0.00000003318,0.00000003913,0.000000003125054496,8.83072295429236e-9,9.304648701918722e-9,1.0973203848887266e-8,8.763572712366383e-10,0.280429436465302
1740540553,0.00000003291,0.00000003304,0.00000003407,0.000000003039242079,9.228932754073089e-9,9.265388580813577e-9,9.554230900372838e-9,8.522929434956028e-10,0.280429436465302
1740540565,0.00000003278,0.00000003292,0.00000003342,0.000000002915592954,9.192476927332599e-9,9.231737048437741e-9,9.371951766670392e-9,8.176180890524252e-10,0.280429436465302
1740540577,0.00000003169,0.00000003291,0.00000003469,0.000000002742939711,8.88680884158542e-9,9.228932754073089e-9,9.728097150981327e-9,7.692010374140283e-10,0.280429436465302
1740540588,0.00000003163,0.00000003268,0.00000003318,0.000000002680008026,8.869983075397502e-9,9.164433983686069e-9,9.304648701918722e-9,7.515531404536665e-10,0.280429436465302
1740540601,0.00000003148,0.00000003314,0.00000003364,0.000000002533918036,8.83636885382489e-9,9.302327313079949e-9,9.442676246590511e-9,7.11265387911548e-10,0.280697867021121
1740540612,0.00000003141,0.00000003247,0.00000003417,0.000000002465680617,8.81672000313341e-9,9.114259742175799e-9,9.591446116111704e-9,6.921112899472215e-10,0.280697867021121
1740540624,0.00000003104,0.00000003244,0.00000003294,0.00000000243827916,8.712861792335595e-9,9.105838806165165e-9,9.246187739675726e-9,6.844197594140506e-10,0.280697867021121
1740540637,0.00000003089,0.00000003229,0.00000003232,0.00000000229133149,8.670757112282427e-9,9.063734126111996e-9,9.07215506212263e-9,6.43171861881327e-10,0.280697867021121
1740540648,0.00000003094,0.00000003236,0.00000003286,0.000000002339875254,8.684792005633483e-9,9.083382976803476e-9,9.223731910314035e-9,6.567979928933036e-10,0.280697867021121
1740540662,0.00000002853,0.00000003253,0.00000003577,0.000000002533983665,8.005834526459656e-9,9.128278904512185e-9,1.0037458850734732e-8,7.110639297140476e-10,0.280611094513132
1740540672,0.00000002859,0.00000003259,0.00000003359,0.000000002591346266,8.022671192130443e-9,9.145115570182972e-9,9.425726664696104e-9,7.271605119647777e-10,0.280611094513132
1740540684,0.0000000285,0.0000000325,0.0000000375,0.00000000250196898,7.997416193624261e-9,9.11986057167679e-9,1.0522916044242449e-8,7.020802539157044e-10,0.280611094513132
1740540696,0.00000002836,0.00000003236,0.00000003349,0.000000002356241402,7.958130640392423e-9,9.08057501844495e-9,9.39766555524479e-9,6.611874787523766e-10,0.280611094513132
1740540709,0.00000002849,0.00000003249,0.00000003299,0.00000000248547536,7.99461008267913e-9,9.117054460731659e-9,9.257360007988224e-9,6.974519611550208e-10,0.280611094513132
1740540720,0.00000002828,0.00000003239,0.00000003459,0.000000002277985583,7.931771705715533e-9,9.084515047670654e-9,9.701555279374126e-9,6.389130690688579e-10,0.280472832592487
1740540733,0.00000002831,0.00000003231,0.00000003467,0.000000002307040612,7.940185890693307e-9,9.062077221063256e-9,9.723993105981524e-9,6.470622153535447e-10,0.280472832592487
1740540745,0,0,0,0,0,0,0,0,0.280472832592487
1740540757,0.00000002829,0.00000002857,0.00000003357,0.000000002568663326,7.934576434041457e-9,8.013108827167355e-9,9.41547299012979e-9,7.204402790196589e-10,0.280472832592487
1740540769,0.00000002835,0.00000003263,0.00000003263,0.000000002626974351,7.951404803997006e-9,9.151828527492851e-9,9.151828527492851e-9,7.367949373727802e-10,0.280472832592487
1740540782,0.0000000285,0.00000003277,0.00000004062,0.000000002769145071,7.979783755619551e-9,9.175351356900094e-9,1.1373291794851445e-8,7.753396089305175e-10,0.279992412477879
1740540793,0.00000002851,0.00000003279,0.00000003397,0.000000002787625585,7.98258367974433e-9,9.180951205149652e-9,9.511342251873548e-9,7.805140126292087e-10,0.279992412477879
1740540805,0.00000002838,0.00000003265,0.00000003339,0.000000002652000569,7.946184666122206e-9,9.141752267402748e-9,9.34894665263638e-9,7.425400372070178e-10,0.279992412477879
1740540816,0.00000002839,0.00000003274,0.00000003324,0.000000002664379635,7.948984590246985e-9,9.166951584525758e-9,9.306947790764697e-9,7.460060817605806e-10,0.279992412477879
1740540829,0.00000002861,0.00000003261,0.00000003311,0.000000002606458777,8.010582920992118e-9,9.130552570903633e-9,9.270548777142572e-9,7.29788680996372e-10,0.279992412477879
1740540841,0.0000000287,0.00000003286,0.00000003336,0.000000002702924555,8.026153369664615e-9,9.189526122898231e-9,9.329354578815735e-9,7.558915339743025e-10,0.279656911835004
1740540853,0.00000002898,0.00000003298,0.00000003398,0.00000000297820441,8.104457304978416e-9,9.223084952318432e-9,9.502741864153436e-9,8.328754481139902e-10,0.279656911835004
1740540865,0.00000002995,0.00000003841,0.00000004969,0.000000003952020145,8.37572450945837e-9,1.0741621983582504e-8,1.3896151949081349e-8,1.105209749260425e-9,0.279656911835004
1740540877,0.00000003015,0.00000003415,0.00000003753,0.00000000414774588,8.431655891825371e-9,9.550283539165386e-9,1.04955239011677e-8,1.159945803877161e-9,0.279656911835004
1740540889,0.00000003,0.00000003485,0.0000000424,0.000000003999108792,8.389707355050119e-9,9.74604337744989e-9,1.1857453061804171e-8,1.1183784148629336e-9,0.279656911835004
1740540901,0.00000003334,0.00000003426,0.00000003476,0.0000000037306053,9.31798308325359e-9,9.575107991369764e-9,9.714849789258992e-9,1.0426429836741509e-9,0.279483595778452
1740540913,0.00000003315,0.00000003383,0.00000003433,0.000000003538777437,9.264881200055685e-9,9.45493004518503e-9,9.594671843074256e-9,9.890302427524144e-10,0.279483595778452
1740540925,0.00000003208,0.0000000336,0.00000003578,0.000000003255716328,8.96583375257274e-9,9.390648818155988e-9,9.999923056953012e-9,9.099193061840581e-10,0.279483595778452
1740540937,0.00000003228,0.00000003345,0.00000003395,0.000000003448174297,9.02173047172843e-9,9.348726278789218e-9,9.488468076678446e-9,9.637081513963959e-10,0.279483595778452
1740540950,0.00000003261,0.00000003392,0.00000004228,0.000000003777716505,9.11396005833532e-9,9.480083568805093e-9,1.181656642951295e-8,1.0558097926490064e-9,0.279483595778452
1740540961,0.00000002931,0.00000003331,0.00000003381,0.000000003305436286,8.185501368837305e-9,9.302594697917797e-9,9.44223136405286e-9,9.231202061977994e-10,0.279273332270123
1740540973,0.00000002931,0.00000003331,0.00000003381,0.000000003305436286,8.185501368837305e-9,9.302594697917797e-9,9.44223136405286e-9,9.231202061977994e-10,0.279273332270123
1740540985,0.00000002861,0.00000002949,0.00000003445,0.000000003190215826,7.99001003624822e-9,8.235770568645929e-9,9.620966296705738e-9,8.909422043879029e-10,0.279273332270123
1740540997,0.00000002863,0.00000003359,0.00000003409,0.000000003202150966,7.995595502893621e-9,9.380791230953432e-9,9.520427897088494e-9,8.942753707068134e-10,0.279273332270123
1740541010,0.00000002846,0.00000003304,0.00000003778,0.000000003038671993,7.948119036407702e-9,9.227190898204864e-9,1.0550946493165247e-8,8.486200531610059e-10,0.279273332270123
1740541021,0.00000002833,0.0000000329,0.00000003678,0.000000002904918615,7.911630467767857e-9,9.187880070228113e-9,1.0271435531397875e-8,8.112475333858102e-10,0.279266871435505
1740541033,0.00000002816,0.00000003274,0.00000003324,0.000000002740561147,7.86415509962382e-9,9.143197370798433e-9,9.282830806516185e-9,7.653479375003891e-10,0.279266871435505
1740541045,0.00000002826,0.00000003284,0.00000003334,0.000000002837345059,7.892081786767372e-9,9.171124057941985e-9,9.310757493659737e-9,7.923764778099184e-10,0.279266871435505
1740541057,0.00000002834,0.00000003315,0.00000003465,0.000000002912871263,7.914423136482212e-9,9.257696788086991e-9,9.676597095240249e-9,8.13468444512398e-10,0.279266871435505
1740541070,0.00000002872,0.00000003272,0.00000003322,0.000000002720883589,8.020544547627703e-9,9.137612033369722e-9,9.277245469087476e-9,7.598526474402384e-10,0.279266871435505
1740541081,0.00000002865,0.00000003265,0.00000003379,0.000000002645456046,8.007326628579097e-9,9.12527799033534e-9,9.443894128435872e-9,7.393727972729971e-10,0.279487840439061
1740541093,0.00000002867,0.00000003267,0.00000003317,0.000000002670972057,8.01291638538788e-9,9.130867747144123e-9,9.270611667363653e-9,7.465042120840065e-10,0.279487840439061
1740541105,0.00000002907,0.00000003246,0.00000003296,0.000000002463651202,8.124711521563504e-9,9.07217530065192e-9,9.21191922087145e-9,6.885605540420769e-10,0.279487840439061
1740541117,0.000000029,0.00000003251,0.00000003301,0.000000002397355023,8.10514737273277e-9,9.086149692673872e-9,9.225893612893405e-9,6.700315781440054e-10,0.279487840439061
1740541129,0.00000002833,0.00000003247,0.00000003297,0.000000002333855453,7.917890519638598e-9,9.07497017905631e-9,9.21471409927584e-9,6.522842204558964e-10,0.279487840439061
1740541141,0.00000002826,0.00000003237,0.00000003287,0.000000002262247511,7.903827015570438e-9,9.053322027389069e-9,9.19316326970277e-9,6.327110047186405e-10,0.279682484627404
1740541153,0.00000002822,0.00000003222,0.00000003241,0.000000002222636201,7.892639716185341e-9,9.011369654694958e-9,9.064509326774163e-9,6.216324151184941e-10,0.279682484627404
1740541165,0.00000002806,0.0000000321,0.0000000326,0.000000002056785535,7.847890518644957e-9,8.97780775653967e-9,9.117648998853372e-9,5.752468887745045e-10,0.279682484627404
1740541177,0.00000002802,0.00000003212,0.00000003314,0.000000002016298735,7.83670321925986e-9,8.983401406232218e-9,9.268677540552169e-9,5.639234399558917e-10,0.279682484627404
1740541189,0.00000002804,0.00000003222,0.00000003272,0.00000000203628133,7.84229686895241e-9,9.011369654694958e-9,9.15121089700866e-9,5.695122217747948e-10,0.279682484627404
1740541201,0.00000002794,0.00000003213,0.00000003533,0.000000001938505136,7.809640447346979e-9,8.980806999758712e-9,9.875254008760515e-9,5.41840662759322e-10,0.279514690313063
1740541213,0.00000002687,0.00000003182,0.00000003185,0.000000001822790652,7.510559728712002e-9,8.894157445761665e-9,8.902542886471054e-9,5.094967645993261e-10,0.279514690313063
1740541225,0.00000002685,0.00000003187,0.00000003237,0.000000001809052128,7.50496943490574e-9,8.908133180277316e-9,9.047890525433848e-9,5.056566453181075e-10,0.279514690313063
1740541237,0.00000002676,0.00000003171,0.00000003517,0.000000001711581454,7.479813112777565e-9,8.863410829827226e-9,9.830531658310426e-9,4.784121600603921e-10,0.279514690313063
1740541249,0.00000002678,0.00000003179,0.000000035,0.000000001738717819,7.485403406583827e-9,8.885772005052273e-9,9.783014160957204e-9,4.859971727195893e-10,0.279514690313063
1740541261,0.00000002673,0.00000003169,0.00000003903,0.000000001681875232,7.473854414029302e-9,8.860697582513604e-9,1.0913001787488353e-8,4.702615273673684e-10,0.279605477516996
1740541273,0.00000002676,0.00000003048,0.00000003313,0.000000001710263354,7.482242578354813e-9,8.522374954718038e-9,9.263329470138078e-9,4.781990017749891e-10,0.279605477516996
1740541285,0.00000002672,0.00000003168,0.00000003218,0.000000001677543194,7.471058359254133e-9,8.857901527738434e-9,8.997704266496931e-9,4.690502658137566e-10,0.279605477516996
1740541297,0.00000002761,0.00000003208,0.00000003356,0.000000001606548559,7.719907234244259e-9,8.96974371874523e-9,9.383559825470385e-9,4.491997769934368e-10,0.279605477516996
1740541309,0.0000000275,0.00000003194,0.00000003244,0.000000001501965455,7.68915063171739e-9,8.930598951892852e-9,9.070401690651349e-9,4.199577682593072e-10,0.279605477516996
1740541321,0.00000002773,0.00000003229,0.00000003512,0.000000001729821903,7.7534598915463e-9,9.028460869023801e-9,9.819744370396899e-9,4.836676792076737e-10,0.279605477516996
1740541333,0.00000002761,0.00000003232,0.00000003332,0.000000001755113054,7.723354430502452e-9,9.040884288078206e-9,9.320614618773695e-9,4.909583550033897e-10,0.279730330695489
1740541345,0.00000002761,0.00000002775,0.00000003262,0.000000001750194855,7.723354430502452e-9,7.76251667679982e-9,9.124803387286852e-9,4.895825855706934e-10,0.279730330695489
1740541357,0.00000002747,0.00000003168,0.00000003218,0.00000000161379543,7.684192184205083e-9,8.861856876433093e-9,9.001722041780837e-9,4.514275293087689e-10,0.279730330695489
1740541369,0.00000002746,0.00000003177,0.00000003227,0.000000001600121601,7.681394880898128e-9,8.887032606195686e-9,9.02689777154343e-9,4.4760254460072535e-10,0.279730330695489
1740541381,0.00000002654,0.00000003175,0.00000003484,0.000000001529841416,7.424042976658279e-9,8.881437999581777e-9,9.745804721430838e-9,4.2794304520933516e-10,0.279730330695489
1740541393,0.00000002639,0.00000002983,0.00000003033,0.000000001379189119,7.37330076812134e-9,8.334428264988996e-9,8.474127029068597e-9,3.8534203071266747e-10,0.279397528159202
1740541405,0.0000000264,0.00000003139,0.00000003189,0.000000001392297031,7.376094743402933e-9,8.77028840891735e-9,8.909987172996953e-9,3.8900434892479584e-10,0.279397528159202
1740541418,0.00000002654,0.00000003161,0.00000003211,0.000000001529106221,7.4152103973452215e-9,8.831755865112376e-9,8.971454629191975e-9,4.2722849844025843e-10,0.279397528159202
1740541429,0.00000002642,0.00000002966,0.00000003257,0.000000001411547244,7.381682693966117e-9,8.28693068520193e-9,9.099977492145209e-9,3.9438281085353396e-10,0.279397528159202
1740541441,0.0000000263,0.00000003129,0.00000003247,0.000000001285856658,7.348154990587013e-9,8.742348656101429e-9,9.072037739329289e-9,3.592651718122524e-10,0.279397528159202
1740541453,0.00000002621,0.00000003129,0.00000003179,0.00000000119743944,7.320892376645487e-9,8.73982153625476e-9,8.879479918106068e-9,3.3446490911066923e-10,0.279316763702613
1740541465,0.00000002713,0.0000000312,0.00000003642,0.000000001130142843,7.577863799251891e-9,8.714683027521525e-9,1.0172716534049165e-8,3.156678414284303e-10,0.279316763702613
1740541477,0.00000002711,0.00000003116,0.00000003166,0.000000001114512638,7.572277463977838e-9,8.703510356973422e-9,8.843168738824727e-9,3.113020631518219e-10,0.279316763702613
1740541489,0.00000002711,0.00000003115,0.00000003165,0.000000001111280466,7.572277463977838e-9,8.700717189336393e-9,8.840375571187702e-9,3.1039926332905165e-10,0.279316763702613
1740541501,0.000000027,0.000000031,0.00000003216,0.000000000995698204,7.54155261997055e-9,8.658819674781002e-9,8.982827120676032e-9,2.7811519996578413e-10,0.279316763702613
1740541513,0.00000002596,0.00000003095,0.00000003145,0.00000000095299082,7.258939526937619e-9,8.65424415865637e-9,8.79405424199492e-9,2.6647545193015e-10,0.279620166677104
1740541525,0.00000002594,0.00000002594,0.00000002644,0.000000000930871405,7.253347123604077e-9,7.253347123604077e-9,7.3931572069426295e-9,2.6029041742104994e-10,0.279620166677104
1740541537,0.00000002588,0.00000003087,0.00000003501,0.000000000871823323,7.236569913603452e-9,8.631874545322199e-9,9.789502035365411e-9,2.437793828902467e-10,0.279620166677104
1740541549,0.00000002595,0.00000003097,0.00000003657,0.000000000943775046,7.256143325270849e-9,8.65983656198991e-9,1.0225709495381694e-8,2.6389853566821147e-10,0.279620166677104
1740541561,0.00000002604,0.00000003104,0.00000003479,0.00000000103692331,7.281309140271788e-9,8.679409973657308e-9,9.727985598696448e-9,2.8994466877357436e-10,0.279620166677104
1740541574,0.00000002612,0.00000003126,0.00000004021,0.000000001117269153,7.283330158742452e-9,8.716573536075386e-9,1.1212201595828253e-8,3.115405864271644e-10,0.278841123994734
1740541585,0.00000002616,0.00000003116,0.00000004091,0.000000001155602315,7.2944838037022414e-9,8.688689423675912e-9,1.1407390382624568e-8,3.222294484055167e-10,0.278841123994734
1740541597,0.0000000263,0.00000003121,0.00000003221,0.000000001212718757,7.333521561061504e-9,8.702631479875647e-9,8.981472603870383e-9,3.3815586129137665e-10,0.278841123994734
1740541609,0.00000002624,0.00000002715,0.00000003211,0.000000001146909458,7.3167910936218194e-9,7.570536516457028e-9,8.953588491470909e-9,3.198055223889111e-10,0.278841123994734
1740541622,0.00000002652,0.00000003143,0.00000003243,0.000000001432845632,7.3948666083403445e-9,8.763976527154489e-9,9.042817651149223e-9,3.9953628653782496e-10,0.278841123994734
1740541633,0.00000002746,0.00000003146,0.00000003246,0.000000001455517827,7.67399138043749e-9,8.791834261783081e-9,9.07129498211948e-9,4.0676006039588875e-10,0.279460720336398
1740541645,0.00000002715,0.00000003135,0.00000003235,0.000000001351591169,7.587358557133207e-9,8.761093582546077e-9,9.040554302882476e-9,3.7771664168905425e-10,0.279460720336398
1740541657,0.00000002715,0.00000003128,0.00000003178,0.000000001342482084,7.587358557133207e-9,8.74153133212253e-9,8.881261692290729e-9,3.751710102333488e-10,0.279460720336398
1740541669,0.00000002706,0.00000003125,0.00000003371,0.00000000125213832,7.56220709230293e-9,8.733147510512438e-9,9.420620882539978e-9,3.4992347686800723e-10,0.279460720336398
1740541681,0.00000002695,0.00000003115,0.00000003165,0.000000001146185683,7.531466413065926e-9,8.705201438478798e-9,8.844931798646998e-9,3.2031387661044636e-10,0.279460720336398
1740541693,0.00000002693,0.00000003119,0.00000003169,0.00000000112954043,7.539891826766946e-9,8.732611439913145e-9,8.87260200483641e-9,3.1625000579873086e-10,0.279981129846526
1740541705,0.00000002692,0.00000003142,0.00000003496,0.000000001113664211,7.53709201546848e-9,8.797007099777847e-9,9.788140299434549e-9,3.118049640654199e-10,0.279981129846526
1740541717,0.00000002686,0.00000003112,0.00000003162,0.000000001060137293,7.52029314767769e-9,8.713012760823888e-9,8.853003325747152e-9,2.968184370865776e-10,0.279981129846526
1740541729,0.00000002684,0.00000003143,0.00000003193,0.000000001034720409,7.514693525080758e-9,8.799806911076311e-9,8.939797475999576e-9,2.897021891870795e-10,0.279981129846526
1740541741,0.00000002597,0.00000003096,0.00000003146,0.000000000964498105,7.271109942114281e-9,8.668215780048446e-9,8.808206344971709e-9,2.700412691727333e-10,0.279981129846526
1740541753,0.00000002593,0.00000002857,0.00000003101,0.000000000925362507,7.264515291212971e-9,8.00413427959717e-9,8.687721526437108e-9,2.5924836413485037e-10,0.280158707721287
1740541767,0.00000002597,0.00000003096,0.00000003114,0.000000000958962748,7.275721639521823e-9,8.673713591051046e-9,8.724142158440876e-9,2.6866176423253416e-10,0.280158707721287
1740541777,0.0000000259,0.00000003136,0.00000003417,0.000000000889430889,7.256110529981333e-9,8.78577707413956e-9,9.573023042836377e-9,2.4918180846963543e-10,0.280158707721287
1740541789,0.0000000259,0.00000003089,0.00000003139,0.000000000893368631,7.256110529981333e-9,8.654102481510555e-9,8.794181835371198e-9,2.502850011796953e-10,0.280158707721287
1740541801,0.0000000259,0.0000000311,0.0000000316,0.000000000897861188,7.256110529981333e-9,8.712935810132026e-9,8.853015163992669e-9,2.515436301431795e-10,0.280158707721287
1740541813,0.0000000259,0.00000003089,0.00000003397,0.000000000891096071,7.252009276524264e-9,8.649211063777395e-9,9.511612166931632e-9,2.495072190411708e-10,0.28000035816696
1740541825,0.00000002843,0.00000003089,0.00000003107,0.000000000893184342,7.960410182686673e-9,8.649211063777395e-9,8.699611128247447e-9,2.500919356691205e-10,0.28000035816696
1740541837,0.00000002605,0.00000002717,0.00000003188,0.000000000877400874,7.294009330249309e-9,7.607609731396304e-9,8.926411418362684e-9,2.456725589760038e-10,0.28000035816696
1740541849,0.00000002607,0.0000000309,0.0000000314,0.000000000898178028,7.2996093374126474e-9,8.652011067359063e-9,8.792011246442546e-9,2.5149016953769383e-10,0.28000035816696
1740541861,0.00000002598,0.00000003084,0.00000003134,0.000000000809940772,7.2744093051776205e-9,8.635211045869046e-9,8.775211224952527e-9,2.267837062540241e-10,0.28000035816696
1740541873,0.00000002594,0.00000003098,0.00000003148,0.000000000769638719,7.260869157830913e-9,8.671616287956889e-9,8.811571360390022e-9,2.154296853299766e-10,0.279910144866265
1740541885,0.00000002594,0.00000003077,0.00000003127,0.000000000766913404,7.260869157830913e-9,8.612835157534972e-9,8.752790229968107e-9,2.146668420135204e-10,0.279910144866265
1740541898,0.00000002593,0.00000003082,0.00000003476,0.000000000758038331,7.258070056382251e-9,8.626830664778286e-9,9.72967663555137e-9,2.1218261904439174e-10,0.279910144866265
1740541911,0.00000002984,0.00000003069,0.00000003119,0.00000000068897546,8.352518722809347e-9,8.590442345945673e-9,8.730397418378804e-9,1.9285122081790155e-10,0.279910144866265
1740541921,0.0000000298,0.00000003065,0.00000003115,0.000000000648658987,8.341322317014697e-9,8.579245940151022e-9,8.719201012584153e-9,1.815662310199747e-10,0.279910144866265
1740541933,0,0,0,0,0,0,0,0,0.279900679733468
1740541945,0.0000000267,0.0000000308,0.00000003697,0.000000000671482132,7.473348148883595e-9,8.620940935790814e-9,1.0347928129746311e-8,1.8794830517567828e-10,0.279900679733468
1740541957,0.00000002566,0.00000003065,0.00000003069,0.000000000647985205,7.182251441960789e-9,8.578955833830795e-9,8.590151861020133e-9,1.813714993367306e-10,0.279900679733468
1740541969,0.00000002565,0.00000003064,0.00000003114,0.000000000638302414,7.179452435163454e-9,8.576156827033459e-9,8.716107166900194e-9,1.786612795541135e-10,0.279900679733468
1740541981,0.00000002565,0.00000003064,0.00000003164,0.000000000641368768,7.179452435163454e-9,8.576156827033459e-9,8.856057506766927e-9,1.7951955412301694e-10,0.279900679733468
1740541993,0.00000002562,0.00000003061,0.00000003074,0.000000000614170389,7.165680900070602e-9,8.561338499264681e-9,8.597698316478154e-9,1.7177786986128928e-10,0.2796909016421
1740542005,0.00000002564,0.00000003063,0.00000003113,0.000000000633299838,7.171274718103443e-9,8.566932317297521e-9,8.706777768118573e-9,1.7712820270001586e-10,0.2796909016421
1740542017,0.00000002558,0.00000003058,0.00000003108,0.000000000574554022,7.154493264004918e-9,8.552947772215417e-9,8.692793223036466e-9,1.6069753245527493e-10,0.2796909016421
1740542029,0.00000002559,0.00000003061,0.00000003111,0.000000000575361769,7.157290173021338e-9,8.561338499264681e-9,8.70118395008573e-9,1.6092345194200365e-10,0.2796909016421
1740542041,0.00000002558,0.00000003057,0.00000003107,0.000000000573572094,7.154493264004918e-9,8.550150863198997e-9,8.689996314020046e-9,1.604228961276073e-10,0.2796909016421
1740542053,0.00000002553,0.00000003052,0.00000003102,0.000000000524054342,7.13580114500613e-9,8.530538619098592e-9,8.670291873015674e-9,1.4647659904774905e-10,0.279506507834161
1740542065,0.00000002552,0.00000003053,0.00000003103,0.000000000512636706,7.133006079927788e-9,8.533333684176935e-9,8.673086938094015e-9,1.4328529548166749e-10,0.279506507834161
1740542077,0.00000002552,0.00000003057,0.00000003107,0.00000000051204651,7.133006079927788e-9,8.544513944490302e-9,8.684267198407382e-9,1.4312033185876977e-10,0.279506507834161
1740542089,0.00000002566,0.00000003053,0.00000003501,0.000000000526557184,7.17213699102457e-9,8.533333684176935e-9,9.785522839273975e-9,1.4717615967482975e-10,0.279506507834161
1740542101,0.00000002564,0.00000003052,0.000000037,0.000000000515120847,7.166546860867888e-9,8.530538619098592e-9,1.0341740789863956e-8,1.4397962905754514e-10,0.279506507834161
1740542113,0.00000002562,0.0000000305,0.0000000345,0.000000000495921174,7.160956730711204e-9,8.52494848894191e-9,9.642974520278554e-9,1.3861319550575732e-10,0.279506507834161
1740542125,0.00000002647,0.00000003049,0.00000003099,0.000000000468074168,7.3931393758918e-9,8.515935760141327e-9,8.655587051714654e-9,1.3073432422661855e-10,0.279302583146649
1740542137,0.00000002647,0.00000003313,0.00000003363,0.000000000468973842,7.3931393758918e-9,9.253294579648481e-9,9.392945871221805e-9,1.3098560549880844e-10,0.279302583146649
1740542149,0.00000002644,0.0000000306,0.0000000311,0.000000000440275885,7.3847602983974006e-9,8.546659044287461e-9,8.686310335860785e-9,1.2297019197767698e-10,0.279302583146649
1740542161,0.00000002545,0.00000003045,0.00000003156,0.000000000441805117,7.1082507410822175e-9,8.504763656815463e-9,8.814789524108242e-9,1.233973104255075e-10,0.279302583146649
1740542173,0.00000002548,0.00000002647,0.00000003048,0.000000000465366808,7.1166298185766175e-9,7.3931393758918e-9,8.513142734309861e-9,1.2997815158511065e-10,0.279302583146649
1740542185,0.00000002544,0.00000003043,0.00000003093,0.000000000427542865,7.09552956368867e-9,8.487302068515968e-9,8.626758231324315e-9,1.192469747779738e-10,0.278912325616693
1740542197,0.00000002543,0.00000003043,0.00000003093,0.000000000424605179,7.0927404404325025e-9,8.487302068515968e-9,8.626758231324315e-9,1.184276179437822e-10,0.278912325616693
1740542209,0.00000002545,0.00000003046,0.00000003096,0.000000000442257952,7.098318686944837e-9,8.495669438284469e-9,8.635125601092814e-9,1.2335119391479577e-10,0.278912325616693
1740542221,0.00000002547,0.00000003046,0.00000003146,0.00000000045960682,7.10389693345717e-9,8.495669438284469e-9,8.774581763901161e-9,1.281900070354928e-10,0.278912325616693
1740542233,0.00000002546,0.00000003045,0.00000003156,0.000000000446688888,7.101107810201004e-9,8.4928803150283e-9,8.80247299646283e-9,1.245870365792145e-10,0.278912325616693
1740542245,0,0,0,0,0,0,0,0,0.278417101735899
1740542257,0.00000002649,0.00000003049,0.00000003671,0.000000000491987786,7.375269024983965e-9,8.48893743192756e-9,1.0220691804724853e-8,1.369778134675817e-10,0.278417101735899
1740542269,0.00000002647,0.00000003047,0.00000003669,0.000000000473769699,7.369700682949247e-9,8.483369089892843e-9,1.0215123462690135e-8,1.3190558648586923e-10,0.278417101735899
1740542281,0.00000002643,0.00000003045,0.00000003095,0.000000000429965537,7.35856399887981e-9,8.477800747858125e-9,8.617009298726076e-9,1.1970975865785945e-10,0.278417101735899
1740542293,0,0,0,0,0,0,0,0,0.278417101735899
1740542305,0.00000002646,0.00000003046,0.00000003158,0.000000000462391535,7.365512750168699e-9,8.478968948228972e-9,8.790736683685847e-9,1.2871318014408829e-10,0.278364049515068
1740542317,0.00000002645,0.00000003045,0.00000003798,0.000000000446452529,7.362729109673548e-9,8.47618530773382e-9,1.0572266600582281e-8,1.2427633388868333e-10,0.278364049515068
1740542329,0.00000002643,0.00000003043,0.00000003093,0.000000000426020778,7.357161828683247e-9,8.47061802674352e-9,8.609800051501052e-9,1.1858886894163978e-10,0.278364049515068
1740542341,0.00000002643,0.00000003044,0.00000003094,0.000000000433356949,7.357161828683247e-9,8.47340166723867e-9,8.612583691996202e-9,1.206309952091348e-10,0.278364049515068
1740542353,0.00000002622,0.00000002644,0.00000003144,0.000000000440736652,7.298705378285082e-9,7.359945469178398e-9,8.751765716753739e-9,1.2268523922043328e-10,0.278364049515068
1740542365,0.0000000262,0.00000002642,0.00000003142,0.000000000422529245,7.287471258409866e-9,7.348663765159873e-9,8.739402554932747e-9,1.1752556216698933e-10,0.278147757954575
1740542377,0.0000000262,0.00000003043,0.00000003093,0.000000000427375195,7.287471258409866e-9,8.464036274557718e-9,8.603110153535005e-9,1.1887345229464928e-10,0.278147757954575
1740542390,0.00000002618,0.00000003041,0.00000003091,0.000000000402119972,7.281908303250774e-9,8.458473319398627e-9,8.597547198375913e-9,1.1184876864055648e-10,0.278147757954575
1740542401,0.00000002539,0.00000003039,0.00000003089,0.00000000039155135,7.06217157446666e-9,8.452910364239535e-9,8.591984243216822e-9,1.089091301265871e-10,0.278147757954575
1740542413,0.00000002541,0.00000002541,0.00000002741,0.000000000406541257,7.067734529625751e-9,7.067734529625751e-9,7.6240300455349e-9,1.1307853915058469e-10,0.278147757954575
1740542425,0.0000000254,0.0000000314,0.00000003343,0.000000000395196085,7.065916741249531e-9,8.735030932095878e-9,9.299747899998891e-9,1.099378989400698e-10,0.278185698474391
